"country_name","country_code","bcg_policy_first_year_original","bcg_policy_last_year_original","is_bcg_mandatory_for_all_children","vaccination_timing","bcg_strain_original","were_revaccinations_recommended","timing_of_revaccination","location_of_administration","bcg_strain_id","bcg_strain_du_class","bcg_strain_t_cell_grp_3"
"Afghanistan","AF			","					  ","					   ","yes								","At birth up to 1 year of age - First month of life","Danish Statens Serum Institute 1331","No							 ","N/A					 ","Left upper arm","Denmark_SSI_1331","DU2-III.2","No"
"Albania","AL",NULL,NULL,"yes","At birth",NULL,NULL,NULL,NULL,NULL,NULL,NULL
"Algeria","DZ",NULL,NULL,"yes","At birth or within 4 wks",NULL,NULL,NULL,NULL,NULL,NULL,NULL
"American Samoa","AS",NULL,NULL,NULL,NULL,NULL,NULL,NULL,NULL,NULL,NULL,NULL
"Andorra","AD",NULL,NULL,NULL,NULL,NULL,NULL,NULL,NULL,NULL,NULL,NULL
"Angola","AO","1979",NULL,"yes","At birth","Serum Institute of India","No","N/A",NULL,"BCG_Serum_Institute_India",NULL,NULL
"Anguilla","AI",NULL,NULL,NULL,NULL,NULL,NULL,NULL,NULL,NULL,NULL,NULL
"Antigua and Barbuda","AG",NULL,NULL,NULL,NULL,NULL,NULL,NULL,NULL,NULL,NULL,NULL
"Argentina","AR",NULL,"1995","yes","At birth","Anlis Malbran","Yes","6 yrs; 16 yrs",NULL,"France_Pasteur_1173P","IV.3","No"
"Argentina","AR","1995","2007","yes","At birth","Anlis Malbran","Yes","6 yrs",NULL,"France_Pasteur_1173P","IV.3","No"
"Argentina","AR","2007","2021",NULL,NULL,"Anlis Malbran","No","N/A",NULL,"France_Pasteur_1173P","IV.3","No"
"Armenia","AM","1998",NULL,"yes","At birth","Sofia, Bulgaria/ InterVac Ltd Toronto Canada","Yes","7 yrs, if no scar",NULL,"Bulgaria_Sofia_SL222","DU2-I","Yes"
"Aruba","AW",NULL,NULL,NULL,NULL,NULL,NULL,NULL,NULL,NULL,NULL,NULL
"Australia","AU","1955","1985","yes","After infancy: School age",NULL,"No","N/A",NULL,NULL,NULL,NULL
"Australia","AU","1985","2021","no",NULL,NULL,NULL,NULL,NULL,NULL,NULL,NULL
"Austria","AT","1952","1989","yes","At birth (up to 1 year of age)","UNK","Yes","10 years","Right or left upper arm",NULL,NULL,NULL
"Austria","AT","1990","2021","no",NULL,"UNK",NULL,NULL,"Right or left upper arm",NULL,NULL,NULL
"Azerbaijan","AZ",NULL,NULL,NULL,"After birth, within 1 yr: 4-7 days",NULL,NULL,NULL,NULL,NULL,NULL,NULL
"Bahamas, The","BS",NULL,NULL,NULL,NULL,NULL,NULL,NULL,NULL,NULL,NULL,NULL
"Bahrain","BH",NULL,NULL,NULL,NULL,NULL,NULL,NULL,NULL,NULL,NULL,NULL
"Bangladesh","BD","1979",NULL,"yes","At birth (up to 1 year of age)","Serum Institute of India","No","N/A","Left upper arm","BCG_Serum_Institute_India",NULL,NULL
"Barbados","BB",NULL,NULL,"yes","After infancy: 5-6 yrs old",NULL,NULL,NULL,NULL,NULL,NULL,NULL
"Belarus","BY",NULL,"2016","yes","At birth (up to 1 year of age)","Danish","Yes","6 years; 12 years","Left upper arm","Denmark_SSI_1331","DU2-III.2","No"
"Belarus","BY",NULL,"2016","yes","At birth (up to 1 year of age)","Danish","Yes","6 years; 12 years","Left upper arm","Denmark_SSI_1331","DU2-III.2","No"
"Belarus","BY","2016","2021","yes","At birth (up to 1 year of age)","Danish","No ","N/A","Left upper arm","Denmark_SSI_1331","DU2-III.2","No"
"Belarus","BY","2016","2021","yes","At birth (up to 1 year of age)","Danish","No ","N/A","Left upper arm","Denmark_SSI_1331","DU2-III.2","No"
"Belgium","BE",NULL,NULL,"no","N/A","Mostly Pasteur Institute, Paris; also Statens Serum Institute","N/A","N/A","Upper arm","France_Pasteur_1173P","IV.3","No"
"Belize","BZ",NULL,NULL,"yes","At birth",NULL,NULL,NULL,NULL,NULL,NULL,NULL
"Benin","BJ",NULL,NULL,"yes","At birth",NULL,NULL,NULL,NULL,NULL,NULL,NULL
"Bermuda","BM",NULL,NULL,NULL,NULL,NULL,NULL,NULL,NULL,NULL,NULL,NULL
"Bhutan","BT","1979","2009","yes","At birth (up to 1 year of age) ","Japan BCG Laboratory ","Yes","UNK","Right, left upper arm",NULL,NULL,NULL
"Bhutan","BT","2009","2021","yes","At birth (up to 1 year of age) ","Japan BCG Laboratory ","No ","N/A","Right, left upper arm",NULL,NULL,NULL
"Bolivia","BO",NULL,NULL,"yes","At birth",NULL,NULL,NULL,NULL,NULL,NULL,NULL
"Bonaire, Saint Eustatius and Saba","BQ",NULL,NULL,NULL,NULL,NULL,NULL,NULL,NULL,NULL,NULL,NULL
"Bosnia and Herzegovina","BA","1950","1996","yes","At birth","Pasteur's Institute Paris","Yes","3, 5, 7, 13 & 19 yrs",NULL,"France_Pasteur_1173P","IV.3","No"
"Bosnia and Herzegovina","BA","1996","2021","yes","At birth","Pasteur's Institute Paris","No","N/A",NULL,"France_Pasteur_1173P","IV.3","No"
"Botswana","BW",NULL,NULL,"yes","At birth",NULL,NULL,NULL,NULL,NULL,NULL,NULL
"Brazil","BR","1927","1968",NULL,NULL,"oral vaccines","No ","N/A",NULL,NULL,NULL,NULL
"Brazil","BR","1968","1994","yes","At birth (up to 1 year of age) - Between birth and 1 month of age ","BCG Moreau - Rio de Janeiro","Yes","One revaccination between 6 years to adolescence",NULL,"Brazil_Rio_Moreau","DU2-I","Yes"
"Brazil","BR","1994","2006","yes","At birth (up to 1 year of age) - Between birth and 1 month of age ","BCG Moreau - Rio de Janeiro","Yes","One revaccination between 6 years to adolescence","Right upper arm","Brazil_Rio_Moreau","DU2-I","Yes"
"Brazil","BR","2006","2021","yes","At birth (up to 1 year of age) - Between birth and 1 month of age ","BCG Moreau - Rio de Janeiro","No ","N/A","Right upper arm","Brazil_Rio_Moreau","DU2-I","Yes"
"Brunei Darussalam","BN",NULL,NULL,NULL,NULL,NULL,NULL,NULL,NULL,NULL,NULL,NULL
"Bulgaria","BG","1951","2021","yes","At birth","Sl222 Sofia (BCG) BulBio-NCIPD","Yes","7 months, 7 years, 11 years","Left Upper Arm","Bulgaria_Sofia_SL222","DU2-I","Yes"
"Burkina Faso","BF",NULL,NULL,"yes","At birth",NULL,NULL,NULL,NULL,NULL,NULL,NULL
"Burundi","BI",NULL,NULL,"yes","At birth",NULL,NULL,NULL,NULL,NULL,NULL,NULL
"Cambodia","KH",NULL,NULL,"yes","At birth (up to 1 year of age) - First day of birth ","UNK","No ","N/A","Left upper arm",NULL,NULL,NULL
"Cameroon","CM",NULL,NULL,"yes","At birth",NULL,"No","N/A",NULL,NULL,NULL,NULL
"Canada","CA","1933","1970","yes","After birth, within 1 yr","Tokyo 172","No","N/A","Upper arm ","Japan_Tokyo_172","DU2-I","Yes"
"Canada","CA","1970","2021","no","N/A","Tokyo 172",NULL,NULL,"Upper arm ","Japan_Tokyo_172","DU2-I","Yes"
"Cape Verde","CV",NULL,NULL,"yes","At birth",NULL,NULL,NULL,NULL,NULL,NULL,NULL
"Cayman Islands","KY",NULL,NULL,NULL,NULL,NULL,NULL,NULL,NULL,NULL,NULL,NULL
"Central African Republic","CF",NULL,NULL,"yes","At birth",NULL,NULL,NULL,NULL,NULL,NULL,NULL
"Chad","TD",NULL,NULL,"yes","At birth",NULL,NULL,NULL,NULL,NULL,NULL,NULL
"Chile","CL","1948","2005","yes","At birth (up to 1 year of age) - Between Day 1 and day of discharge ","Statens Serum Institute","Yes ","6; 12 years","Left upper arm","Denmark_SSI_1331","DU2-III.2","No"
"Chile","CL","2008","2021","yes","At birth (up to 1 year of age) - Between Day 1 and day of discharge ","Statens Serum Institute","No","N/A","Left upper arm","Denmark_SSI_1331","DU2-III.2","No"
"China","CN",NULL,NULL,"yes","At birth",NULL,"No","N/A",NULL,NULL,NULL,NULL
"Colombia","CO","1960",NULL,"yes","At birth","Pasteur 1173","No","N/A",NULL,"France_Pasteur_1173P","IV.3","No"
"Comoros","KM",NULL,NULL,"yes","At birth",NULL,NULL,NULL,NULL,NULL,NULL,NULL
"Congo, Dem. Rep.","CD",NULL,NULL,"yes","At birth",NULL,NULL,NULL,NULL,NULL,NULL,NULL
"Congo, Rep.","CG",NULL,NULL,"yes","At birth","Serum Institute of India","No","N/A",NULL,"BCG_Serum_Institute_India",NULL,NULL
"Cook Islands","CK",NULL,NULL,NULL,NULL,NULL,NULL,NULL,NULL,NULL,NULL,NULL
"Costa Rica","CR",NULL,NULL,"yes","At birth",NULL,NULL,NULL,NULL,NULL,NULL,NULL
"Cote d'Ivoire","CI",NULL,NULL,"yes","At birth",NULL,NULL,NULL,NULL,NULL,NULL,NULL
"Croatia","HR","1948","2004","yes","At birth (up to 1 year of age) ","Moreau, Brazilian strain ","Yes ","8; 13 years","Left upper arm",NULL,NULL,NULL
"Croatia","HR","2004","2014","yes","At birth (up to 1 year of age) ","Moreau, Brazilian strain ","Yes ","13 years","Left upper arm",NULL,NULL,NULL
"Croatia","HR","2014","2021","yes","At birth (up to 1 year of age) ","Moreau, Brazilian strain ","No ","N/A","Left upper arm",NULL,NULL,NULL
"Cuba","CU",NULL,NULL,"yes","At birth",NULL,NULL,NULL,NULL,NULL,NULL,NULL
"Curacao","CW",NULL,NULL,NULL,NULL,NULL,NULL,NULL,NULL,NULL,NULL,NULL
"Cyprus","CY",NULL,NULL,NULL,NULL,NULL,NULL,NULL,NULL,NULL,NULL,NULL
"Czech Republic","CZ","1953","1994","yes","At birth (up to 1 year of age) - Before 6 weeks of age ","Russian","Yes ","11 years","Left upper arm ","Russia_Moscow_368","DU2-I","Yes"
"Czech Republic","CZ","1994","2010","yes","At birth (up to 1 year of age) - Before 6 weeks of age ","Danish ","Yes ","11 years","Left upper arm ",NULL,NULL,NULL
"Czech Republic","CZ","2010","2020","no","N/A","Moreau ","No","N/A","Left upper arm ",NULL,NULL,NULL
"Denmark","DK","1946","1986","yes","At birth (up to 1 year of age) ","Danish Statens Serum Institute",NULL,NULL,"Left upper arm","Denmark_SSI_1331","DU2-III.2","No"
"Denmark","DK","1986","2021","no",NULL,"Danish Statens Serum Institute",NULL,NULL,"Left upper arm","Denmark_SSI_1331","DU2-III.2","No"
"Djibouti","DJ",NULL,NULL,"yes","At birth",NULL,NULL,NULL,NULL,NULL,NULL,NULL
"Dominica","DM",NULL,NULL,"yes","After birth, within 1 yr: 3 months",NULL,NULL,NULL,NULL,NULL,NULL,NULL
"Dominican Republic","DO",NULL,NULL,"yes","At birth",NULL,NULL,NULL,NULL,NULL,NULL,NULL
"Ecuador","EC",NULL,NULL,NULL,NULL,NULL,NULL,NULL,NULL,NULL,NULL,NULL
"Egypt","EG",NULL,NULL,"yes","At birth",NULL,NULL,NULL,NULL,NULL,NULL,NULL
"El Salvador","SV","1970",NULL,"yes","At birth (up to 1 year of age) ","Pasteur Institute","No","N/A","Left upper arm","France_Pasteur_1173P","IV.3","No"
"Equatorial Guinea","GQ",NULL,NULL,NULL,"At birth",NULL,NULL,NULL,NULL,NULL,NULL,NULL
"Eritrea","ER",NULL,NULL,NULL,"At birth",NULL,NULL,NULL,NULL,NULL,NULL,NULL
"Estonia","EE","1948","2003",NULL,"At birth",NULL,"Yes","7 yrs ","Left Upper Arm",NULL,NULL,NULL
"Estonia","EE","2003","2016",NULL,"At birth","Danish","No","N/A","Left Upper Arm","Denmark_SSI_1331","DU2-III.2","No"
"Estonia","EE","2003","2016",NULL,"At birth","Danish","No","N/A","Left Upper Arm","Denmark_SSI_1331","DU2-III.2","No"
"Estonia","EE","2016","2021",NULL,"At birth","Moscow","No","N/A","Left Upper Arm","Russia_Moscow_368","DU2-I","Yes"
"Malawi","MW",NULL,NULL,"yes","At birth",NULL,NULL,NULL,NULL,NULL,NULL,NULL
"Malaysia","MY",NULL,NULL,"yes","At birth",NULL,NULL,NULL,NULL,NULL,NULL,NULL
"Ethiopia","ET","1983",NULL,NULL,"At birth (up to 1 year of age) - <45 days","Danish Statens Serum Institute","No","N/A","Right upper arm","Denmark_SSI_1331","DU2-III.2","No"
"Faroe Islands","FO",NULL,NULL,NULL,NULL,NULL,NULL,NULL,NULL,NULL,NULL,NULL
"Fiji","FJ",NULL,NULL,NULL,"At birth",NULL,"Yes","6 yrs",NULL,NULL,NULL,NULL
"Finland","FI","1941","1978","yes","At birth","Gothenburg BCG","Yes","7 yrs  (if TST negative)",NULL,"Denmark_SSI_1331","DU2-III.2","No"
"Finland","FI","1978","2002","yes","At birth","Glaxo-Evans strain","Yes","7 yrs  (if TST negative)",NULL,"Glaxo_1954","DU2-III.2","No"
"Finland","FI","2002","2006","no","At birth","BCG Japan","No","N/A",NULL,"Japan_Tokyo_172","DU2-I","Yes"
"Finland","FI","2006","2021","no","At birth","Danish, Japan","No","N/A",NULL,"Denmark_SSI_1331","DU2-III.2","No"
"France","FR","1950","2004",NULL,"At birth (up to 1 year of age) - Between Day 1 and day of discharge  ","Statens Serum Institute","Yes ","No defined ages - second dose recommended as long as TST is negative","Left upper arm","Denmark_SSI_1331","DU2-III.2","No"
"France","FR","2004","2007",NULL,"At birth (up to 1 year of age) - Between Day 1 and day of discharge  ","Statens Serum Institute","No ","N/A","Left upper arm","Denmark_SSI_1331","DU2-III.2","No"
"France","FR","2007","2021",NULL,"At birth (up to 1 year of age) - Between Day 1 and day of discharge  ","Statens Serum Institute","No ","N/A","Left upper arm","Denmark_SSI_1331","DU2-III.2","No"
"French Polynesia","PF",NULL,NULL,NULL,NULL,NULL,NULL,NULL,NULL,NULL,NULL,NULL
"Gabon","GA",NULL,NULL,NULL,"At birth",NULL,NULL,NULL,NULL,NULL,NULL,NULL
"Gambia, The","GM","1979",NULL,NULL,"At birth","Russian Strain Serum Institute India","No","N/A",NULL,"Russia_Moscow_368","DU2-I","Yes"
"Georgia","GE",NULL,NULL,NULL,"After birth, within 1 yr: 2-5 days",NULL,NULL,NULL,NULL,NULL,NULL,NULL
"Germany (East)","DE","1951","1975","yes","At birth",NULL,"No","N/A",NULL,NULL,NULL,NULL
"Germany (East)","DE","1975","1998","no",NULL,NULL,"No","N/A",NULL,NULL,NULL,NULL
"Germany (East)",NULL,"1998","2021","no",NULL,"Kopenhagen 1331, Chiron-Behring, Germany",NULL,NULL,NULL,"Denmark_SSI_1331","DU2-III.2","No"
"Germany (West)","DE","1961","1998","yes","At birth",NULL,"No","N/A",NULL,NULL,NULL,NULL
"Germany (West)",NULL,"1998","2021","no",NULL,"Kopenhagen 1331, Chiron-Behring, Germany",NULL,NULL,NULL,"Denmark_SSI_1331","DU2-III.2","No"
"Ghana","GH",NULL,NULL,NULL,"At birth",NULL,NULL,NULL,NULL,NULL,NULL,NULL
"Gibraltar","GI",NULL,NULL,NULL,NULL,NULL,NULL,NULL,NULL,NULL,NULL,NULL
"Greece","GR",NULL,"2016","yes","Newborns","SSI","No",NULL,NULL,"Denmark_SSI_1331","DU2-III.2","No"
"Greece","GR","2016","2021","no",NULL,"SSI","No",NULL,NULL,"Denmark_SSI_1331","DU2-III.2","No"
"Greenland","GL","1955","1990","yes","At birth","Danish SSI","No","N/A",NULL,"Denmark_SSI_1331","DU2-III.2","No"
"Greenland","GL","1990","1996","no",NULL,"Danish SSI","No","N/A",NULL,"Denmark_SSI_1331","DU2-III.2","No"
"Greenland","GL","1996","2021","yes","At birth","Danish SSI","No","N/A",NULL,"Denmark_SSI_1331","DU2-III.2","No"
"Grenada","GD",NULL,NULL,NULL,NULL,NULL,NULL,NULL,NULL,NULL,NULL,NULL
"Guam","GU",NULL,NULL,NULL,NULL,NULL,NULL,NULL,NULL,NULL,NULL,NULL
"Guatemala","GT",NULL,NULL,"yes","At birth",NULL,NULL,NULL,NULL,NULL,NULL,NULL
"Guinea","GN",NULL,NULL,"yes","At birth",NULL,NULL,NULL,NULL,NULL,NULL,NULL
"Guinea-Bissau","GW",NULL,NULL,"yes","At birth",NULL,NULL,NULL,NULL,NULL,NULL,NULL
"Guyana","GY",NULL,NULL,"yes","At birth",NULL,NULL,NULL,NULL,NULL,NULL,NULL
"Haiti","HT",NULL,NULL,"yes","After birth, within 1 yr","Intervax Bulgarie","No","N/A",NULL,"Bulgaria_Sofia_SL222","DU2-I","Yes"
"Honduras","HN",NULL,NULL,"yes","At birth",NULL,NULL,NULL,NULL,NULL,NULL,NULL
"Hong Kong","HK","1952","2000","yes","At birth (up to 1 year of age) - first day  ","Currently Russian strain, previously Statens Serum Institute ","Yes ","6-12 years","Left upper arm ",NULL,NULL,NULL
"Hong Kong","HK","2000","2021","yes","At birth (up to 1 year of age) - first day  ","Currently Russian strain, previously Statens Serum Institute ","No ","N/A","Left upper arm ",NULL,NULL,NULL
"Hungary","HU","1953",NULL,"yes","At birth","BCG-SL 222 Sofia strain","No","N/A","Left Upper Arm","Bulgaria_Sofia_SL222","DU2-I","Yes"
"Iceland","IS",NULL,NULL,NULL,NULL,NULL,NULL,NULL,NULL,NULL,NULL,NULL
"India","IN","1948","1955","no","7 years","BCGVL Chennai strain, BCG laboratory Guindy, Chennai, India","No","N/A",NULL,NULL,NULL,NULL
"India","IN","1951","1978","yes","7 years","BCGVL Chennai strain, BCG laboratory Guindy, Chennai, India","No","N/A",NULL,NULL,NULL,NULL
"India","IN","1978","2021","yes","At birth","BCGVL Chennai strain, BCG laboratory Guindy, Chennai, India","No","N/A",NULL,NULL,NULL,NULL
"Indonesia","ID","1999",NULL,"yes","At birth (up to 1 year of age) - 0-2 months","Pasteur Institute (Paris)","No","N/A","Right upper arm","France_Pasteur_1173P","IV.3","No"
"Iran, Islamic Rep.","IR","1984","1999","yes","At birth (up to 1 year of age) ","Pasteur Institute 1173-P2","Yes","6 years","Left upper arm","France_Pasteur_1173P","IV.3","No"
"Iran, Islamic Rep.","IR","1999","2021","yes","At birth (up to 1 year of age) ","Pasteur Institute 1173-P2","No","N/A","Left upper arm","France_Pasteur_1173P","IV.3","No"
"Iraq","IQ",NULL,NULL,"yes","At birth",NULL,NULL,NULL,NULL,NULL,NULL,NULL
"Ireland","IE","1950","1996","yes","At birth","evans BCG copenhagen 1077","Yes","11-12 yrs",NULL,"Glaxo_1954","DU2-III.2","No"
"Ireland","IE","1996","2002","yes","At birth","evans BCG copenhagen 1077","No","N/A",NULL,"Glaxo_1954","DU2-III.2","No"
"Ireland","IE","1955",NULL,"yes","At birth","Danish SSI 1331","No","N/A",NULL,"Denmark_SSI_1331","DU2-III.2","No"
"Isle of Man","IM","1955","2005",NULL,NULL,NULL,NULL,NULL,NULL,NULL,NULL,NULL
"Israel","IL","1955","1982","yes","At birth",NULL,"No","N/A",NULL,NULL,NULL,NULL
"Israel","IL","1982","2021","no",NULL,NULL,"No","N/A",NULL,NULL,NULL,NULL
"Italy ","IT","1970","2001","no","2011 data: At six years of age ","UNK","2011 data: No","N/A","UNK",NULL,NULL,NULL
"Jamaica","JM",NULL,NULL,"yes","At birth or within 6 wks",NULL,NULL,NULL,NULL,NULL,NULL,NULL
"Japan","JP","1942","1948","yes","primary school graduates","Tokyo 172, Japan BCG Laboratory","No","N/A",NULL,"Japan_Tokyo_172","DU2-I","Yes"
"Japan","JP","1948","1974","yes","primary school graduates","Tokyo 172, Japan BCG Laboratory","Yes","If TST is negative BCG is repeated every year from ages 0-18 yrs",NULL,"Japan_Tokyo_172","DU2-I","Yes"
"Japan","JP","1974","2005","yes","4 years","Tokyo 172, Japan BCG Laboratory","Yes","age of 7 and 13, if negative of TST",NULL,"Japan_Tokyo_172","DU2-I","Yes"
"Japan","JP","2005","2021","yes","After birth, within 1 yr","Tokyo 172, Japan BCG Laboratory","No","N/A",NULL,"Japan_Tokyo_172","DU2-I","Yes"
"Jordan","JO",NULL,NULL,"yes","1st contact(infants & school age)",NULL,NULL,NULL,NULL,NULL,NULL,NULL
"Kazakhstan","KZ",NULL,NULL,"yes","At birth",NULL,"Yes","6 yrs; 12 yrs",NULL,NULL,NULL,NULL
"Kenya","KE",NULL,NULL,"yes","At birth","Statens Serum Institute","No","N/A",NULL,"Denmark_SSI_1331","DU2-III.2","No"
"Kiribati","KI",NULL,NULL,"yes","At birth",NULL,NULL,NULL,NULL,NULL,NULL,NULL
"Korea, Dem. Rep.","KP",NULL,NULL,NULL,NULL,NULL,NULL,NULL,NULL,NULL,NULL,NULL
"Korea, Rep.","KR","1975","2007","yes","At birth","Danish","Yes","8 yrs ",NULL,"Denmark_SSI_1331","DU2-III.2","No"
"Korea, Rep.","KR","1975","2007","yes","At birth","Danish","Yes","8 yrs ",NULL,"Denmark_SSI_1331","DU2-III.2","No"
"Korea, Rep.","KR","2007","2021","yes","At birth","Danish","No","N/A",NULL,"Denmark_SSI_1331","DU2-III.2","No"
"Korea, Rep.","KR","2007","2021","yes","At birth","Danish","No","N/A",NULL,"Denmark_SSI_1331","DU2-III.2","No"
"Kosovo","XK",NULL,NULL,NULL,NULL,NULL,NULL,NULL,NULL,NULL,NULL,NULL
"Kuwait","KW",NULL,"2005","yes","4 years","Tokyo 172","Yes","8; 14","Left upper arm","Japan_Tokyo_172","DU2-I","Yes"
"Kuwait","KW","2005","2021","yes","At birth (up to 1 year of age) - 3 months","Tokyo 172","No","N/A","Left upper arm","Japan_Tokyo_172","DU2-I","Yes"
"Kyrgyz Republic","KG",NULL,NULL,"yes","At birth",NULL,NULL,NULL,NULL,NULL,NULL,NULL
"Lao PDR","LA",NULL,NULL,"yes","At birth",NULL,NULL,NULL,NULL,NULL,NULL,NULL
"Latvia","LV","1962","1991","yes","At birth (up to 1 year of age) - Between 2-5 days  ","Moscow","Yes ","7 years ; Between 12 and 15 years","Left upper arm","Russia_Moscow_368","DU2-I","Yes"
"Latvia","LV","1991","2005","yes","At birth (up to 1 year of age) - Between 2-5 days  ","Merieux","No","N/A","Left upper arm","Merieux","DU2-III.2","No"
"Latvia","LV","2005","2021","yes","At birth (up to 1 year of age) - Between 2-5 days  ","Danish SSI strain","No","N/A","Left upper arm","Denmark_SSI_1331","DU2-III.2","No"
"Lebanon","LB",NULL,NULL,NULL,"N/A","N/A","N/A","N/A",NULL,NULL,NULL,NULL
"Lesotho","LS",NULL,NULL,"yes","At birth",NULL,NULL,NULL,NULL,NULL,NULL,NULL
"Liberia","LR",NULL,NULL,"yes","At birth",NULL,NULL,NULL,NULL,NULL,NULL,NULL
"Libya","LY",NULL,NULL,"yes","At birth",NULL,NULL,NULL,NULL,NULL,NULL,NULL
"Liechtenstein","LI",NULL,NULL,NULL,NULL,NULL,NULL,NULL,NULL,NULL,NULL,NULL
"Lithuania","LT",NULL,NULL,"yes","At birth",NULL,NULL,NULL,NULL,NULL,NULL,NULL
"Luxembourg","LU",NULL,NULL,NULL,NULL,NULL,NULL,NULL,NULL,NULL,NULL,NULL
"Macao, China","MO",NULL,NULL,NULL,NULL,NULL,NULL,NULL,NULL,NULL,NULL,NULL
"Macedonia, FYR","MK","1950","2008","yes","At birth","Toronto Canada","Yes","14 yrs",NULL,"Canada_Frappier_Monreal","DU2-IV.1","No"
"Macedonia, FYR","MK","2008","2021","yes","At birth","Toronto Canada","Yes","7 yrs",NULL,"Canada_Frappier_Monreal","DU2-IV.1","No"
"Madagascar","MG",NULL,NULL,"yes","At birth",NULL,NULL,NULL,NULL,NULL,NULL,NULL
"Maldives","MV",NULL,NULL,"yes","At birth",NULL,NULL,NULL,NULL,NULL,NULL,NULL
"Mali","ML",NULL,NULL,"yes","At birth",NULL,NULL,NULL,NULL,NULL,NULL,NULL
"Malta","MT",NULL,NULL,"yes","After infancy: School age",NULL,NULL,NULL,NULL,NULL,NULL,NULL
"Marshall Islands, Rep. ","MH","2004",NULL,"yes","At birth (up to 1 year of age) - Up to 11 months ","Freeze-dried Glutamate BCG Vaccine (Japan)","No ","N/A","Left upper arm","Japan_Tokyo_172","DU2-I","Yes"
"Mauritania","MR",NULL,NULL,"yes","At birth",NULL,NULL,NULL,NULL,NULL,NULL,NULL
"Mauritius","MU",NULL,NULL,"yes","At birth",NULL,NULL,NULL,NULL,NULL,NULL,NULL
"Mayotte","YT",NULL,NULL,NULL,NULL,NULL,NULL,NULL,NULL,NULL,NULL,NULL
"Mexico","MX","1951","1998","yes","At birth","Danish RT-1331, Staten Serum Institute, Copenhague","Yes","6 yrs (school age)",NULL,"Denmark_SSI_1331","DU2-III.2","No"
"Mexico","MX","1998",NULL,"yes","At birth","Danish RT-1331, Staten Serum Institute, Copenhague","No","N/A",NULL,"Denmark_SSI_1331","DU2-III.2","No"
"mexico","UZ","1937","1997","yes","At birth","BCG Serum Institute India","Yes","12 yrs ; 15 yrs, 20 yrs, 25 yrs & 30 yrs",NULL,"BCG_Serum_Institute_India",NULL,NULL
"mexico","UZ","1997","2021","yes","At birth","BCG Serum Institute India","Yes","7 yrs; 14 yrs",NULL,"BCG_Serum_Institute_India",NULL,NULL
"Micronesia, Fed. Sts.","FM",NULL,NULL,"yes","At birth",NULL,NULL,NULL,NULL,NULL,NULL,NULL
"Moldova","MD",NULL,"2014","yes","After birth, within 1 yr: 3-5 days","Japan and India","Yes","6 yrs","Left Upper Arm","Japan_Tokyo_172","DU2-I","Yes"
"Moldova","MD","2014","2021","yes","After birth, within 1 yr: 3-5 days","Japan and India","No","N/A","Left Upper Arm","Japan_Tokyo_172","DU2-I","Yes"
"Monaco","MC",NULL,NULL,NULL,NULL,NULL,NULL,NULL,NULL,NULL,NULL,NULL
"Mongolia","MN","1948","1992","yes","At birth","Russia BCG","yes","8 and 18 yrs",NULL,"Russia_Moscow_368","DU2-I","Yes"
"Mongolia","MN","1992","1997","yes","At birth","France","yes","8 and 15 yrs",NULL,"France_Pasteur_1173P","IV.3","No"
"Mongolia","MN","1997","2003","yes","At birth","Japan","yes","8 and 15 yrs",NULL,"Japan_Tokyo_172","DU2-I","Yes"
"Mongolia","MN","2003","2006","yes","At birth","Intervax Toronto","yes","8 yrs",NULL,"Bulgaria_Sofia_SL222","DU2-I","Yes"
"Mongolia","MN","2006","2021","yes","At birth","SI India","No","N/A",NULL,"BCG_Serum_Institute_India",NULL,NULL
"Montenegro","ME","1927","2005","yes","At birth","Pasteur Torlak Belgrade 1173P2","No","N/A",NULL,"France_Pasteur_1173P","IV.3","No"
"Montenegro","ME","2005","2021","yes","At birth","Pasteur Torlak Belgrade 1173P2","No","N/A",NULL,"France_Pasteur_1173P","IV.3","No"
"Montserrat","MS",NULL,NULL,NULL,NULL,NULL,NULL,NULL,NULL,NULL,NULL,NULL
"Morocco","MA",NULL,NULL,"yes","At birth",NULL,NULL,NULL,NULL,NULL,NULL,NULL
"Mozambique","MZ",NULL,NULL,"yes","At birth",NULL,NULL,NULL,NULL,NULL,NULL,NULL
"Myanmar","MM",NULL,NULL,"yes","After birth, within 1 yr: 6, 10, 14 weeks",NULL,NULL,NULL,NULL,NULL,NULL,NULL
"Namibia","NA",NULL,NULL,"yes","At birth",NULL,NULL,NULL,NULL,NULL,NULL,NULL
"Nauru","NR",NULL,NULL,NULL,NULL,NULL,NULL,NULL,NULL,NULL,NULL,NULL
"Nepal","NP",NULL,NULL,"yes","After birth, within 1 yr","DK","No","N/A",NULL,"Denmark_SSI_1331","DU2-III.2","No"
"Netherlands","NL",NULL,NULL,"no","N/A","Bulgarian strain","N/A","N/A","Left upper arm ","Bulgaria_Sofia_SL222","DU2-I","Yes"
"New Caledonia","NC",NULL,NULL,NULL,NULL,NULL,NULL,NULL,NULL,NULL,NULL,NULL
"New Zealand","NZ","1976",NULL,"no",NULL,"Danish 1331, Statens Serum Institute","No","N/A",NULL,"Denmark_SSI_1331","DU2-III.2","No"
"Nicaragua","NI",NULL,NULL,"yes","At birth",NULL,NULL,NULL,NULL,NULL,NULL,NULL
"Niger","NE",NULL,NULL,"yes","At birth",NULL,NULL,NULL,NULL,NULL,NULL,NULL
"Nigeria","NG","1991","2021","yes","At birth","SSI","Yes","5 yrs (but not yet incorporated into the immunization schedule",NULL,"Denmark_SSI_1331","DU2-III.2","No"
"Niue","NU",NULL,NULL,NULL,NULL,NULL,NULL,NULL,NULL,NULL,NULL,NULL
"Northern Mariana Islands","MP",NULL,NULL,NULL,NULL,NULL,NULL,NULL,NULL,NULL,NULL,NULL
"Norway","NO",NULL,"2009","yes","6 weeks","BCG BB NCIPD","No","N/A","Left Upper Arm","Bulgaria_Sofia_SL222","DU2-I","Yes"
"Norway","NO","2009","2021","no",NULL,"BCG BB NCIPD","No","N/A","Left Upper Arm","Bulgaria_Sofia_SL222","DU2-I","Yes"
"Oman","OM",NULL,NULL,"yes","At birth",NULL,NULL,NULL,NULL,NULL,NULL,NULL
"Pakistan","PK","1978","2007","yes","At birth","DANISH STRAIN 1331","No","N/A",NULL,"Denmark_SSI_1331","DU2-III.2","No"
"Pakistan","PK","2007","2007","yes","At birth","Japaneece strain, Japaneece BCG Lab, Japan","No","N/A",NULL,"Japan_Tokyo_172","DU2-I","Yes"
"Palau","PW",NULL,NULL,NULL,NULL,NULL,NULL,NULL,NULL,NULL,NULL,NULL
"Panama","PA",NULL,NULL,"yes","At birth",NULL,NULL,NULL,NULL,NULL,NULL,NULL
"Papua New Guinea","PG",NULL,NULL,"yes","At birth",NULL,NULL,NULL,NULL,NULL,NULL,NULL
"Paraguay","PY",NULL,NULL,"yes","At birth",NULL,NULL,NULL,NULL,NULL,NULL,NULL
"Peru","PE","1945",NULL,"yes","At birth","Danish, SSI","No","N/A",NULL,"Denmark_SSI_1331","DU2-III.2","No"
"Philippines","PH",NULL,NULL,"yes","At birth",NULL,"Yes",NULL,NULL,NULL,NULL,NULL
"Poland","PL","1955","2005","yes","At birth","BCG SSI","Yes","7 yrs ",NULL,"Denmark_SSI_1331","DU2-III.2","No"
"Poland","PL","2005","2021","yes","At birth","BCG SSI","No","N/A",NULL,"Denmark_SSI_1331","DU2-III.2","No"
"Portugal","PT",NULL,"2016","yes","At birth","BCG Tokyo 172","No",NULL,"Left Upper Arm","Japan_Tokyo_172","DU2-I","Yes"
"Portugal","PT","2016","2021","no","At birth","BCG Tokyo 172","No",NULL,"Left Upper Arm","Japan_Tokyo_172","DU2-I","Yes"
"Puerto Rico","PR",NULL,NULL,NULL,NULL,NULL,NULL,NULL,NULL,NULL,NULL,NULL
"Qatar","QA",NULL,NULL,"yes","At birth",NULL,NULL,NULL,NULL,NULL,NULL,NULL
"Romania","RO","1928","1992","yes","At birth",NULL,"Yes","7 yrs; 14 & 18/21 yrs","Left Upper Arm",NULL,NULL,NULL
"Romania","RO","1993","2021","yes","At birth","Danish","No","N/A","Left Upper Arm","Denmark_SSI_1331","DU2-III.2","No"
"Romania","RO","1993","2021","yes","At birth","Danish","No","N/A","Left Upper Arm","Denmark_SSI_1331","DU2-III.2","No"
"Russian Federation","RU",NULL,"2014","yes","At birth","BCG Russia","Yes",NULL,"Right arm","Russia_Moscow_368","DU2-I","Yes"
"Russian Federation","RU","2014","2021","yes","At birth","BCG Russia","Yes",NULL,"Right arm","Russia_Moscow_368","DU2-I","Yes"
"Rwanda","RW","1956","1980","yes","1 year","Intervax Ltd Toronto","No",NULL,NULL,"Bulgaria_Sofia_SL222","DU2-I","Yes"
"Rwanda","RW","1980","2021","yes","At birth","Intervax Ltd Toronto","No",NULL,NULL,"Bulgaria_Sofia_SL222","DU2-I","Yes"
"Samoa","WS",NULL,NULL,"yes","At birth",NULL,NULL,NULL,NULL,NULL,NULL,NULL
"San Marino","SM",NULL,NULL,NULL,NULL,NULL,NULL,NULL,NULL,NULL,NULL,NULL
"Sao Tome and Principe","ST",NULL,NULL,"yes","At birth",NULL,NULL,NULL,NULL,NULL,NULL,NULL
"Saudi Arabia","SA","1968",NULL,"yes","At birth","Pasteur-Japan","No","N/A",NULL,"Japan_Tokyo_172","DU2-I","Yes"
"Senegal","SN","1986",NULL,"no","At birth","Pasteur Institute","No ","N/A","Left upper arm","France_Pasteur_1173P","IV.3","No"
"Serbia","RS","1927",NULL,"no","At birth","Pasteur Torlak Belgrade 1173P2","Yes","10 yrs; 14 & 18/21 yrs",NULL,"France_Pasteur_1173P","IV.3","No"
"Serbia","RS",NULL,"2005","yes","At birth","Pasteur Torlak Belgrade 1173P2","Yes","10 yrs; 14 & 18/21 yrs",NULL,"France_Pasteur_1173P","IV.3","No"
"Serbia","RS","1927",NULL,"yes","At birth or within 1 year","Pasteur Torlak Belgrade 1173P2","No","N/A",NULL,"France_Pasteur_1173P","IV.3","No"
"Seychelles","SC",NULL,NULL,"yes","At birth",NULL,NULL,NULL,NULL,NULL,NULL,NULL
"Sierra Leone","SL","1990",NULL,"yes","At birth","Statens Serum Institute","No","N/A",NULL,"Denmark_SSI_1331","DU2-III.2","No"
"Singapore","SG","1955","2001","yes","At birth","Danish strain 1331, SSI","Yes","12 or 16 yrs",NULL,"Denmark_SSI_1331","DU2-III.2","No"
"Singapore","SG","2001","2021","yes","At birth","Danish strain 1331, SSI","No","N/A",NULL,"Denmark_SSI_1331","DU2-III.2","No"
"Sint Maarten (Dutch part)","SX",NULL,NULL,NULL,NULL,NULL,NULL,NULL,NULL,NULL,NULL,NULL
"Slovak Republic","SK","1953","1980","yes","At birth (up to one year of age) ","Prague BCG","Yes","11 years; Accroding to 2011 data, 7 years; 14 years ","Left arm","Czech_Republic_Prague","DU2-III.1","No"
"Slovak Republic","SK","1980","1992","yes","At birth (up to one year of age) ","Moscow vaccine lyophilized","Yes","11 years; Accroding to 2011 data, 7 years; 14 years ","Left arm","Russia_Moscow_368","DU2-I","Yes"
"Slovak Republic","SK","1992","2000","yes","At birth (up to one year of age) ","Behring 500","Yes","11 years; Accroding to 2011 data, 7 years; 14 years ","Left arm",NULL,NULL,NULL
"Slovak Republic","SK","2000","2001","yes","At birth (up to one year of age) ","Behring 500","Yes","11 years; Accroding to 2011 data, 7 years; 14 years ","Left arm",NULL,NULL,NULL
"Slovak Republic","SK","2001","2004","yes","At birth (up to one year of age) ","Glaxo 1077 BCG vaccine aventis","No","N/A","Left arm","Glaxo_1954","DU2-III.2","No"
"Slovak Republic","SK","2004","2012","yes","At birth (up to one year of age) ","SSI Copenhagen 1331","No","N/A","Left arm","Denmark_SSI_1331","DU2-III.2","No"
"Slovak Republic","SK","2012","2021","no","At birth (up to one year of age) ","BB-NCIPD Ltd. Bulgaria","No","N/A","Left arm","Bulgaria_Sofia_SL222","DU2-I","Yes"
"Slovenia","SI","1947","1997","yes","After birth, within 1 yr","Danish SSI","Yes","14-15 yrs",NULL,"Denmark_SSI_1331","DU2-III.2","No"
"Slovenia","SI","1997","2005","yes","After birth, within 1 yr","Danish SSI","No","N/A",NULL,"Denmark_SSI_1331","DU2-III.2","No"
"Slovenia","SI","2005","2021","no","After birth, within 1 yr","Danish SSI","No","N/A",NULL,"Denmark_SSI_1331","DU2-III.2","No"
"Solomon Islands","SB",NULL,NULL,NULL,"At birth",NULL,NULL,NULL,NULL,NULL,NULL,NULL
"Somalia","SO",NULL,NULL,NULL,"At birth",NULL,NULL,NULL,NULL,NULL,NULL,NULL
"South Africa","ZA","1973","2000",NULL,"At birth","Tokyo 1572 percutaneous","No","N/A","Right Upper Arm","Japan_Tokyo_172","DU2-I","Yes"
"South Africa","ZA","2000","2021",NULL,"At birth","SSI India (due to SSI Denamrk stock-out)","No","N/A","Right Upper Arm","Denmark_SSI_1331","DU2-III.2","No"
"South Sudan","SS",NULL,"1981",NULL,NULL,NULL,NULL,NULL,NULL,NULL,NULL,NULL
"Spain","ES","1965","2010","yes","At birth","SSI","No","N/A",NULL,"Denmark_SSI_1331","DU2-III.2","No"
"Spain","ES","2010","2021","no","At birth","SSI","No","N/A",NULL,"Denmark_SSI_1331","DU2-III.2","No"
"Sri Lanka","LK",NULL,NULL,"yes","At birth",NULL,NULL,NULL,NULL,NULL,NULL,NULL
"St. Kitts and Nevis","KN",NULL,NULL,"yes","At birth or within 4 wks",NULL,NULL,NULL,NULL,NULL,NULL,NULL
"St. Lucia","LC",NULL,NULL,"yes","After birth, within 1 yr: 6 weeks",NULL,NULL,NULL,NULL,NULL,NULL,NULL
"St. Martin (french part)","MF",NULL,NULL,NULL,NULL,NULL,NULL,NULL,NULL,NULL,NULL,NULL
"St. Vincent and the Grenadines","VC",NULL,NULL,"yes","At birth or within 4 wks",NULL,NULL,NULL,NULL,NULL,NULL,NULL
"Sudan","SD","1976",NULL,"no","At birth","Danish","No","N/A",NULL,"Denmark_SSI_1331","DU2-III.2","No"
"Sudan","SD","1976",NULL,"no","At birth","Danish","No","N/A",NULL,"Denmark_SSI_1331","DU2-III.2","No"
"Suriname","SR",NULL,NULL,NULL,NULL,NULL,NULL,NULL,NULL,NULL,NULL,NULL
"Swaziland","SZ",NULL,NULL,"yes","At birth",NULL,NULL,NULL,NULL,NULL,NULL,NULL
"Sweden","SE","1940","1965","yes","After birth (up to 1 year of age) - 6 months","Danish Statens Serum Institute","Yes","7 years; 14-15 years ","Left upper arm","Denmark_SSI_1331","DU2-III.2","No"
"Sweden","SE","1965","1975","yes","After birth (up to 1 year of age) - 6 months","Danish Statens Serum Institute","Yes","14-15 years ","Left upper arm","Denmark_SSI_1331","DU2-III.2","No"
"Sweden","SE","1975","2021","no","After birth (up to 1 year of age) - 6 months","Danish Statens Serum Institute","No","N/A","Left upper arm","Denmark_SSI_1331","DU2-III.2","No"
"Switzerland","CH",NULL,"1987","yes","At birth (up to 1 year of age)","Merieux","No","N/A","Left upper arm","Merieux","DU2-III.2","No"
"Switzerland","CH","1987","2021","no","At birth (up to 1 year of age)","Merieux","No","N/A","Left upper arm","Merieux","DU2-III.2","No"
"Syrian Arab Republic","SY",NULL,NULL,NULL,"At birth",NULL,NULL,NULL,NULL,NULL,NULL,NULL
"Taiwan ","TW","1951","1958","yes","school children","Pasteur Institute","Yes","12 years; 24 years","Left upper arm ","France_Pasteur_1173P","IV.3","No"
"Taiwan ","TW","1958","1965","yes","school children","new Pasteur strain","Yes","12 years; 24 years","Left upper arm ","France_Pasteur_1173P","IV.3","No"
"Taiwan ","TW","1965","1979","yes","At birth (up to 1 year of age) - Between 5-8 months","new Pasteur strain","Yes","12 years; 24 years","Left upper arm ","France_Pasteur_1173P","IV.3","No"
"Taiwan ","TW","1979","1997","yes","At birth (up to 1 year of age) - Between 5-8 months","Tokyo 172","Yes","12 years; 24 years","Left upper arm ","Japan_Tokyo_172","DU2-I","Yes"
"Taiwan ","TW","1997","2021","yes","At birth (up to 1 year of age) - Between 5-8 months","Tokyo 172","No ","N/A","Left upper arm ","Japan_Tokyo_172","DU2-I","Yes"
"Tajikistan ","TJ",NULL,"1992","yes","At birth (up to 1 year of age) - By 3-5 days","An attentuated strain - Micobacterium bovis Tokyo 172-1 substrain ","Yes","UNK","Left upper arm",NULL,NULL,NULL
"Tajikistan ","TJ","1992","2021","yes","At birth (up to 1 year of age) - By 3-5 days","An attentuated strain - Micobacterium bovis Tokyo 172-1 substrain ","No ","N/A","Left upper arm",NULL,NULL,NULL
"Tanzania","TZ","1975",NULL,"yes","At birth (up to 1 year of age) - First day of birth preferably","Statens Serum Institute","No","N/A","Left upper arm","Denmark_SSI_1331","DU2-III.2","No"
"Thailand","TH","1977","1987","yes","At birth","Danish","No","N/A",NULL,"Denmark_SSI_1331","DU2-III.2","No"
"Thailand","TH","1977","1987","yes","At birth","Danish","No","N/A",NULL,"Denmark_SSI_1331","DU2-III.2","No"
"Thailand","TH","1987","1991","yes","At birth","Tokyo, Thai Red Cross","yes","7 yrs",NULL,"Japan_Tokyo_172","DU2-I","Yes"
"Thailand","TH","1991","2021","yes","At birth","Tokyo, Thai Red Cross","No","N/A",NULL,"Japan_Tokyo_172","DU2-I","Yes"
"Timor-Leste","TL",NULL,NULL,"yes","After birth, within 1 yr",NULL,NULL,NULL,NULL,NULL,NULL,NULL
"Togo","TG",NULL,NULL,"yes","At birth",NULL,NULL,NULL,NULL,NULL,NULL,NULL
"Tonga","TO",NULL,NULL,"yes","At birth",NULL,NULL,NULL,NULL,NULL,NULL,NULL
"Trinidad and Tobago","TT",NULL,NULL,NULL,NULL,NULL,NULL,NULL,NULL,NULL,NULL,NULL
"Tunisia","TN","1928","1996","yes","At birth (up to 1 year of age)","Pasteur 1173 P2","Yes","12 years; 18 years","Left upper arm","France_Pasteur_1173P","IV.3","No"
"Tunisia","TN","1996","1997","yes","At birth (up to 1 year of age)","Pasteur 1173 P2","Yes","Only one revaccination at 6 years","Left upper arm","France_Pasteur_1173P","IV.3","No"
"Turkey","TR","1952","1997","yes","After birth, within 1 yr","Serum Institute of India","Yes","7 yrs; 14 & 20 yrs",NULL,"BCG_Serum_Institute_India",NULL,NULL
"Turkey","TR","1952","2006","yes","After birth, within 1 yr","Serum Institute of India","Yes","7 yrs",NULL,"BCG_Serum_Institute_India",NULL,NULL
"Turkey","TR","2006","2021","yes","After birth, within 1 yr","Serum Institute of India","No","N/A",NULL,"BCG_Serum_Institute_India",NULL,NULL
"Turkmenistan","TM",NULL,NULL,"yes","After birth, within 1 yr: 3-5 days",NULL,"Yes","6-7 yrs; 15 yrs",NULL,NULL,NULL,NULL
"Turks and Caicos Islands","TC",NULL,NULL,NULL,NULL,NULL,NULL,NULL,NULL,NULL,NULL,NULL
"Tuvalu","TV",NULL,NULL,NULL,NULL,NULL,NULL,NULL,NULL,NULL,NULL,NULL
"Uganda","UG","1987",NULL,"yes","At birth (up to 1 year of age)","Intervax Toronto, Canada","No","N/A","UNK","Bulgaria_Sofia_SL222","DU2-I","Yes"
"Ukraine","UA","1962","2015","yes","After birth (up to 1 year of age) - Between 3-5 days of birth","Bulgaria Moro strain","Yes","7 yrs","Left upper arm ","Bulgaria_Sofia_SL222","DU2-I","Yes"
"Ukraine","UA","1962","2021","yes","After birth (up to 1 year of age) - Between 3-5 days of birth","Bulgaria Moro strain","No","N/A","Left upper arm ","Bulgaria_Sofia_SL222","DU2-I","Yes"
"United Arab Emirates","AE",NULL,NULL,"yes","At birth",NULL,NULL,NULL,NULL,NULL,NULL,NULL
"United Kingdom","GB","1953","2005","yes","12, 13 years","Glaxo","No","N/A","Left upper arm","Glaxo_1954","DU2-III.2","No"
"United Kingdom","GB","2005","2021","no","1 month old","Staten (Gothenburg / Sweden)","No","N/A","Left upper arm","Sweden_Gothenburg","DU2-II","Yes"
"United States of America","US",NULL,NULL,"no","N/A",NULL,"No","N/A",NULL,NULL,NULL,NULL
"Uruguay","UY","1980","1993","yes","At birth","Pasteur","Yes","6-12 yrs",NULL,"France_Pasteur_1173P","IV.3","No"
"Uruguay","UY","1993","2008","yes","At birth","Pasteur","No","N/A",NULL,"France_Pasteur_1173P","IV.3","No"
"Uruguay","UY","2008","2021","no","At birth","Pasteur","No","N/A",NULL,"France_Pasteur_1173P","IV.3","No"
"Vanuatu","VU",NULL,NULL,NULL,"At birth",NULL,NULL,NULL,NULL,NULL,NULL,NULL
"Venezuela","VE",NULL,NULL,NULL,"At birth",NULL,NULL,NULL,NULL,NULL,NULL,NULL
"Vietnam","VN","1985",NULL,NULL,"At birth","Pasteur Institute Ho Chi Minh City, Vietnam","No","N/A",NULL,NULL,NULL,NULL
"Virgin Islands (British)","VG",NULL,NULL,NULL,NULL,NULL,NULL,NULL,NULL,NULL,NULL,NULL
"Virgin Islands (U.S.)","VI",NULL,NULL,NULL,NULL,NULL,NULL,NULL,NULL,NULL,NULL,NULL
"Wallis and Futuna Islands","WF",NULL,NULL,NULL,NULL,NULL,NULL,NULL,NULL,NULL,NULL,NULL
"West Bank and Gaza","PS",NULL,NULL,NULL,"At birth",NULL,NULL,NULL,NULL,NULL,NULL,NULL
"Yemen, Rep.","YE",NULL,NULL,NULL,"At birth",NULL,NULL,NULL,NULL,NULL,NULL,NULL
"Zambia","ZM",NULL,NULL,NULL,"At birth",NULL,"No","N/A",NULL,NULL,NULL,NULL
"Zimbabwe","ZW",NULL,NULL,NULL,"At birth",NULL,NULL,NULL,NULL,NULL,NULL,NULL
