country_name,alpha_3_code,date_first_death,date_fifth_death,deaths_per_million_10_days_after_first_death,deaths_per_million_15_days_after_first_death,deaths_per_million_20_days_after_first_death,deaths_per_million_25_days_after_first_death,deaths_per_million_30_days_after_first_death,deaths_per_million_35_days_after_first_death,deaths_per_million_40_days_after_first_death,deaths_per_million_45_days_after_first_death,deaths_per_million_50_days_after_first_death,deaths_per_million_55_days_after_first_death,deaths_per_million_60_days_after_first_death,deaths_per_million_65_days_after_first_death,deaths_per_million_70_days_after_first_death,deaths_per_million_75_days_after_first_death,deaths_per_million_80_days_after_first_death,deaths_per_million_85_days_after_first_death,deaths_per_million_90_days_after_first_death,deaths_per_million_95_days_after_first_death,deaths_per_million_100_days_after_first_death,deaths_per_million_105_days_after_first_death,deaths_per_million_110_days_after_first_death,deaths_per_million_115_days_after_first_death,deaths_per_million_120_days_after_first_death,deaths_per_million_125_days_after_first_death,deaths_per_million_130_days_after_first_death,deaths_per_million_135_days_after_first_death,deaths_per_million_140_days_after_first_death,deaths_per_million_145_days_after_first_death,deaths_per_million_150_days_after_first_death,stringency_index_10_days_after_first_death,stringency_index_15_days_after_first_death,stringency_index_20_days_after_first_death,stringency_index_25_days_after_first_death,stringency_index_30_days_after_first_death,stringency_index_35_days_after_first_death,stringency_index_40_days_after_first_death,stringency_index_45_days_after_first_death,stringency_index_50_days_after_first_death,stringency_index_55_days_after_first_death,stringency_index_60_days_after_first_death,stringency_index_65_days_after_first_death,stringency_index_70_days_after_first_death,stringency_index_75_days_after_first_death,stringency_index_80_days_after_first_death,stringency_index_85_days_after_first_death,stringency_index_90_days_after_first_death,stringency_index_95_days_after_first_death,stringency_index_100_days_after_first_death,stringency_index_105_days_after_first_death,stringency_index_110_days_after_first_death,stringency_index_115_days_after_first_death,stringency_index_120_days_after_first_death,stringency_index_125_days_after_first_death,stringency_index_130_days_after_first_death,stringency_index_135_days_after_first_death,stringency_index_140_days_after_first_death,stringency_index_145_days_after_first_death,stringency_index_150_days_after_first_death
Saint Lucia,LCA,NULL,NULL,NULL,NULL,NULL,NULL,NULL,NULL,NULL,NULL,NULL,NULL,NULL,NULL,NULL,NULL,NULL,NULL,NULL,NULL,NULL,NULL,NULL,NULL,NULL,NULL,NULL,NULL,NULL,NULL,NULL,NULL,NULL,NULL,NULL,NULL,NULL,NULL,NULL,NULL,NULL,NULL,NULL,NULL,NULL,NULL,NULL,NULL,NULL,NULL,NULL,NULL,NULL,NULL,NULL,NULL,NULL,NULL,NULL,NULL
Mongolia,MNG,NULL,NULL,NULL,NULL,NULL,NULL,NULL,NULL,NULL,NULL,NULL,NULL,NULL,NULL,NULL,NULL,NULL,NULL,NULL,NULL,NULL,NULL,NULL,NULL,NULL,NULL,NULL,NULL,NULL,NULL,NULL,NULL,NULL,NULL,NULL,NULL,NULL,NULL,NULL,NULL,NULL,NULL,NULL,NULL,NULL,NULL,NULL,NULL,NULL,NULL,NULL,NULL,NULL,NULL,NULL,NULL,NULL,NULL,NULL,NULL
Saint Kitts and Nevis,KNA,NULL,NULL,NULL,NULL,NULL,NULL,NULL,NULL,NULL,NULL,NULL,NULL,NULL,NULL,NULL,NULL,NULL,NULL,NULL,NULL,NULL,NULL,NULL,NULL,NULL,NULL,NULL,NULL,NULL,NULL,NULL,NULL,NULL,NULL,NULL,NULL,NULL,NULL,NULL,NULL,NULL,NULL,NULL,NULL,NULL,NULL,NULL,NULL,NULL,NULL,NULL,NULL,NULL,NULL,NULL,NULL,NULL,NULL,NULL,NULL
Greenland,GRL,NULL,NULL,NULL,NULL,NULL,NULL,NULL,NULL,NULL,NULL,NULL,NULL,NULL,NULL,NULL,NULL,NULL,NULL,NULL,NULL,NULL,NULL,NULL,NULL,NULL,NULL,NULL,NULL,NULL,NULL,NULL,NULL,NULL,NULL,NULL,NULL,NULL,NULL,NULL,NULL,NULL,NULL,NULL,NULL,NULL,NULL,NULL,NULL,NULL,NULL,NULL,NULL,NULL,NULL,NULL,NULL,NULL,NULL,NULL,NULL
Eritrea,ERI,NULL,NULL,NULL,NULL,NULL,NULL,NULL,NULL,NULL,NULL,NULL,NULL,NULL,NULL,NULL,NULL,NULL,NULL,NULL,NULL,NULL,NULL,NULL,NULL,NULL,NULL,NULL,NULL,NULL,NULL,NULL,NULL,NULL,NULL,NULL,NULL,NULL,NULL,NULL,NULL,NULL,NULL,NULL,NULL,NULL,NULL,NULL,NULL,NULL,NULL,NULL,NULL,NULL,NULL,NULL,NULL,NULL,NULL,NULL,NULL
Faeroe Islands,FRO,NULL,NULL,NULL,NULL,NULL,NULL,NULL,NULL,NULL,NULL,NULL,NULL,NULL,NULL,NULL,NULL,NULL,NULL,NULL,NULL,NULL,NULL,NULL,NULL,NULL,NULL,NULL,NULL,NULL,NULL,NULL,NULL,NULL,NULL,NULL,NULL,NULL,NULL,NULL,NULL,NULL,NULL,NULL,NULL,NULL,NULL,NULL,NULL,NULL,NULL,NULL,NULL,NULL,NULL,NULL,NULL,NULL,NULL,NULL,NULL
Bonaire Sint Eustatius and Saba,BES,15/09/2020,NULL,NULL,NULL,NULL,NULL,NULL,NULL,NULL,NULL,NULL,NULL,NULL,NULL,NULL,NULL,NULL,NULL,NULL,NULL,NULL,NULL,NULL,NULL,NULL,NULL,NULL,NULL,NULL,NULL,NULL,NULL,NULL,NULL,NULL,NULL,NULL,NULL,NULL,NULL,NULL,NULL,NULL,NULL,NULL,NULL,NULL,NULL,NULL,NULL,NULL,NULL,NULL,NULL,NULL,NULL,NULL,NULL,NULL,NULL
Falkland Islands,FLK,NULL,NULL,NULL,NULL,NULL,NULL,NULL,NULL,NULL,NULL,NULL,NULL,NULL,NULL,NULL,NULL,NULL,NULL,NULL,NULL,NULL,NULL,NULL,NULL,NULL,NULL,NULL,NULL,NULL,NULL,NULL,NULL,NULL,NULL,NULL,NULL,NULL,NULL,NULL,NULL,NULL,NULL,NULL,NULL,NULL,NULL,NULL,NULL,NULL,NULL,NULL,NULL,NULL,NULL,NULL,NULL,NULL,NULL,NULL,NULL
Hong Kong,HKG,NULL,NULL,NULL,NULL,NULL,NULL,NULL,NULL,NULL,NULL,NULL,NULL,NULL,NULL,NULL,NULL,NULL,NULL,NULL,NULL,NULL,NULL,NULL,NULL,NULL,NULL,NULL,NULL,NULL,NULL,NULL,NULL,NULL,NULL,NULL,NULL,NULL,NULL,NULL,NULL,NULL,NULL,NULL,NULL,NULL,NULL,NULL,NULL,NULL,NULL,NULL,NULL,NULL,NULL,NULL,NULL,NULL,NULL,NULL,NULL
Vietnam,VNM,01/08/2020,02/08/2020,0.134,0.226,0.257,0.277,0.329,0.36,0.36,0.36,0.36,NULL,NULL,NULL,NULL,NULL,NULL,NULL,NULL,NULL,NULL,NULL,NULL,NULL,NULL,NULL,NULL,NULL,NULL,NULL,NULL,75.46,78.24,74.54,74.54,74.54,74.54,NULL,NULL,NULL,NULL,NULL,NULL,NULL,NULL,NULL,NULL,NULL,NULL,NULL,NULL,NULL,NULL,NULL,NULL,NULL,NULL,NULL,NULL,NULL
French Polynesia,PYF,12/09/2020,NULL,7.12,NULL,NULL,NULL,NULL,NULL,NULL,NULL,NULL,NULL,NULL,NULL,NULL,NULL,NULL,NULL,NULL,NULL,NULL,NULL,NULL,NULL,NULL,NULL,NULL,NULL,NULL,NULL,NULL,NULL,NULL,NULL,NULL,NULL,NULL,NULL,NULL,NULL,NULL,NULL,NULL,NULL,NULL,NULL,NULL,NULL,NULL,NULL,NULL,NULL,NULL,NULL,NULL,NULL,NULL,NULL,NULL,NULL
Anguilla,AIA,NULL,NULL,NULL,NULL,NULL,NULL,NULL,NULL,NULL,NULL,NULL,NULL,NULL,NULL,NULL,NULL,NULL,NULL,NULL,NULL,NULL,NULL,NULL,NULL,NULL,NULL,NULL,NULL,NULL,NULL,NULL,NULL,NULL,NULL,NULL,NULL,NULL,NULL,NULL,NULL,NULL,NULL,NULL,NULL,NULL,NULL,NULL,NULL,NULL,NULL,NULL,NULL,NULL,NULL,NULL,NULL,NULL,NULL,NULL,NULL
Timor,TLS,NULL,NULL,NULL,NULL,NULL,NULL,NULL,NULL,NULL,NULL,NULL,NULL,NULL,NULL,NULL,NULL,NULL,NULL,NULL,NULL,NULL,NULL,NULL,NULL,NULL,NULL,NULL,NULL,NULL,NULL,NULL,NULL,NULL,NULL,NULL,NULL,NULL,NULL,NULL,NULL,NULL,NULL,NULL,NULL,NULL,NULL,NULL,NULL,NULL,NULL,NULL,NULL,NULL,NULL,NULL,NULL,NULL,NULL,NULL,NULL
Saint Vincent and the Grenadines,VCT,NULL,NULL,NULL,NULL,NULL,NULL,NULL,NULL,NULL,NULL,NULL,NULL,NULL,NULL,NULL,NULL,NULL,NULL,NULL,NULL,NULL,NULL,NULL,NULL,NULL,NULL,NULL,NULL,NULL,NULL,NULL,NULL,NULL,NULL,NULL,NULL,NULL,NULL,NULL,NULL,NULL,NULL,NULL,NULL,NULL,NULL,NULL,NULL,NULL,NULL,NULL,NULL,NULL,NULL,NULL,NULL,NULL,NULL,NULL,NULL
Comoros,COM,05/05/2020,19/06/2020,1.15,1.15,1.15,2.3,2.3,2.3,2.3,5.75,8.05,8.05,8.05,8.05,8.05,8.05,8.05,8.05,8.05,8.05,8.05,8.05,8.05,8.05,8.05,8.05,8.05,8.05,8.05,NULL,NULL,NULL,NULL,NULL,NULL,NULL,NULL,NULL,NULL,NULL,NULL,NULL,NULL,NULL,NULL,NULL,NULL,NULL,NULL,NULL,NULL,NULL,NULL,NULL,NULL,NULL,NULL,NULL,NULL,NULL
Maldives,MDV,01/05/2020,27/05/2020,5.55,7.4,7.4,7.4,9.25,12.95,14.8,14.8,14.8,14.8,14.8,18.5,24.05,25.9,27.75,27.75,27.75,33.3,35.15,38.85,44.4,48.1,51.8,53.65,53.65,57.35,61.05,NULL,NULL,NULL,NULL,NULL,NULL,NULL,NULL,NULL,NULL,NULL,NULL,NULL,NULL,NULL,NULL,NULL,NULL,NULL,NULL,NULL,NULL,NULL,NULL,NULL,NULL,NULL,NULL,NULL,NULL,NULL
Uganda,UGA,25/07/2020,04/08/2020,0.109,0.131,0.24,0.328,0.415,0.612,0.7,0.962,1.137,1.312,NULL,NULL,NULL,NULL,NULL,NULL,NULL,NULL,NULL,NULL,NULL,NULL,NULL,NULL,NULL,NULL,NULL,NULL,NULL,76.85,76.85,81.48,81.48,81.48,81.48,81.48,81.48,NULL,NULL,NULL,NULL,NULL,NULL,NULL,NULL,NULL,NULL,NULL,NULL,NULL,NULL,NULL,NULL,NULL,NULL,NULL,NULL,NULL
Grenada,GRD,NULL,NULL,NULL,NULL,NULL,NULL,NULL,NULL,NULL,NULL,NULL,NULL,NULL,NULL,NULL,NULL,NULL,NULL,NULL,NULL,NULL,NULL,NULL,NULL,NULL,NULL,NULL,NULL,NULL,NULL,NULL,NULL,NULL,NULL,NULL,NULL,NULL,NULL,NULL,NULL,NULL,NULL,NULL,NULL,NULL,NULL,NULL,NULL,NULL,NULL,NULL,NULL,NULL,NULL,NULL,NULL,NULL,NULL,NULL,NULL
International,NULL,NULL,NULL,NULL,NULL,NULL,NULL,NULL,NULL,NULL,NULL,NULL,NULL,NULL,NULL,NULL,NULL,NULL,NULL,NULL,NULL,NULL,NULL,NULL,NULL,NULL,NULL,NULL,NULL,NULL,NULL,NULL,NULL,NULL,NULL,NULL,NULL,NULL,NULL,NULL,NULL,NULL,NULL,NULL,NULL,NULL,NULL,NULL,NULL,NULL,NULL,NULL,NULL,NULL,NULL,NULL,NULL,NULL,NULL,NULL,NULL
Gibraltar,GIB,NULL,NULL,NULL,NULL,NULL,NULL,NULL,NULL,NULL,NULL,NULL,NULL,NULL,NULL,NULL,NULL,NULL,NULL,NULL,NULL,NULL,NULL,NULL,NULL,NULL,NULL,NULL,NULL,NULL,NULL,NULL,NULL,NULL,NULL,NULL,NULL,NULL,NULL,NULL,NULL,NULL,NULL,NULL,NULL,NULL,NULL,NULL,NULL,NULL,NULL,NULL,NULL,NULL,NULL,NULL,NULL,NULL,NULL,NULL,NULL
Dominica,DMA,NULL,NULL,NULL,NULL,NULL,NULL,NULL,NULL,NULL,NULL,NULL,NULL,NULL,NULL,NULL,NULL,NULL,NULL,NULL,NULL,NULL,NULL,NULL,NULL,NULL,NULL,NULL,NULL,NULL,NULL,NULL,NULL,NULL,NULL,NULL,NULL,NULL,NULL,NULL,NULL,NULL,NULL,NULL,NULL,NULL,NULL,NULL,NULL,NULL,NULL,NULL,NULL,NULL,NULL,NULL,NULL,NULL,NULL,NULL,NULL
New Caledonia,NCL,NULL,NULL,NULL,NULL,NULL,NULL,NULL,NULL,NULL,NULL,NULL,NULL,NULL,NULL,NULL,NULL,NULL,NULL,NULL,NULL,NULL,NULL,NULL,NULL,NULL,NULL,NULL,NULL,NULL,NULL,NULL,NULL,NULL,NULL,NULL,NULL,NULL,NULL,NULL,NULL,NULL,NULL,NULL,NULL,NULL,NULL,NULL,NULL,NULL,NULL,NULL,NULL,NULL,NULL,NULL,NULL,NULL,NULL,NULL,NULL
Vatican,VAT,NULL,NULL,NULL,NULL,NULL,NULL,NULL,NULL,NULL,NULL,NULL,NULL,NULL,NULL,NULL,NULL,NULL,NULL,NULL,NULL,NULL,NULL,NULL,NULL,NULL,NULL,NULL,NULL,NULL,NULL,NULL,NULL,NULL,NULL,NULL,NULL,NULL,NULL,NULL,NULL,NULL,NULL,NULL,NULL,NULL,NULL,NULL,NULL,NULL,NULL,NULL,NULL,NULL,NULL,NULL,NULL,NULL,NULL,NULL,NULL
Laos,LAO,NULL,NULL,NULL,NULL,NULL,NULL,NULL,NULL,NULL,NULL,NULL,NULL,NULL,NULL,NULL,NULL,NULL,NULL,NULL,NULL,NULL,NULL,NULL,NULL,NULL,NULL,NULL,NULL,NULL,NULL,NULL,NULL,NULL,NULL,NULL,NULL,NULL,NULL,NULL,NULL,NULL,NULL,NULL,NULL,NULL,NULL,NULL,NULL,NULL,NULL,NULL,NULL,NULL,NULL,NULL,NULL,NULL,NULL,NULL,NULL
Cambodia,KHM,NULL,NULL,NULL,NULL,NULL,NULL,NULL,NULL,NULL,NULL,NULL,NULL,NULL,NULL,NULL,NULL,NULL,NULL,NULL,NULL,NULL,NULL,NULL,NULL,NULL,NULL,NULL,NULL,NULL,NULL,NULL,NULL,NULL,NULL,NULL,NULL,NULL,NULL,NULL,NULL,NULL,NULL,NULL,NULL,NULL,NULL,NULL,NULL,NULL,NULL,NULL,NULL,NULL,NULL,NULL,NULL,NULL,NULL,NULL,NULL
Seychelles,SYC,NULL,NULL,NULL,NULL,NULL,NULL,NULL,NULL,NULL,NULL,NULL,NULL,NULL,NULL,NULL,NULL,NULL,NULL,NULL,NULL,NULL,NULL,NULL,NULL,NULL,NULL,NULL,NULL,NULL,NULL,NULL,NULL,NULL,NULL,NULL,NULL,NULL,NULL,NULL,NULL,NULL,NULL,NULL,NULL,NULL,NULL,NULL,NULL,NULL,NULL,NULL,NULL,NULL,NULL,NULL,NULL,NULL,NULL,NULL,NULL
Macedonia,MKD,23/03/2020,30/03/2020,4.8,10.08,16.32,22.08,26.399,29.279,38.879,42.239,43.679,47.039,53.279,55.679,63.839,71.518,78.718,92.638,111.837,127.197,144.957,163.676,176.156,188.636,207.355,220.795,230.395,239.995,252.954,256.794,263.994,NULL,NULL,NULL,NULL,NULL,NULL,NULL,NULL,NULL,NULL,NULL,NULL,NULL,NULL,NULL,NULL,NULL,NULL,NULL,NULL,NULL,NULL,NULL,NULL,NULL,NULL,NULL,NULL,NULL
Lesotho,LSO,10/07/2020,19/07/2020,2.801,2.801,6.068,8.869,10.736,11.203,14.004,14.004,14.471,14.471,14.471,15.404,15.404,NULL,NULL,NULL,NULL,NULL,NULL,NULL,NULL,NULL,NULL,NULL,NULL,NULL,NULL,NULL,NULL,71.3,71.3,71.3,71.3,71.3,71.3,71.3,71.3,71.3,71.3,65.74,65.74,65.74,NULL,NULL,NULL,NULL,NULL,NULL,NULL,NULL,NULL,NULL,NULL,NULL,NULL,NULL,NULL,NULL
Bhutan,BTN,NULL,NULL,NULL,NULL,NULL,NULL,NULL,NULL,NULL,NULL,NULL,NULL,NULL,NULL,NULL,NULL,NULL,NULL,NULL,NULL,NULL,NULL,NULL,NULL,NULL,NULL,NULL,NULL,NULL,NULL,NULL,NULL,NULL,NULL,NULL,NULL,NULL,NULL,NULL,NULL,NULL,NULL,NULL,NULL,NULL,NULL,NULL,NULL,NULL,NULL,NULL,NULL,NULL,NULL,NULL,NULL,NULL,NULL,NULL,NULL
Western Sahara,ESH,30/05/2020,NULL,1.674,1.674,1.674,1.674,1.674,1.674,1.674,1.674,1.674,1.674,1.674,1.674,1.674,1.674,1.674,1.674,1.674,1.674,1.674,1.674,1.674,1.674,NULL,NULL,NULL,NULL,NULL,NULL,NULL,NULL,NULL,NULL,NULL,NULL,NULL,NULL,NULL,NULL,NULL,NULL,NULL,NULL,NULL,NULL,NULL,NULL,NULL,NULL,NULL,NULL,NULL,NULL,NULL,NULL,NULL,NULL,NULL,NULL
Sint Maarten (Dutch part),SXM,02/04/2020,08/04/2020,209.878,209.878,233.198,303.158,303.158,326.477,349.797,349.797,349.797,349.797,349.797,349.797,349.797,349.797,349.797,349.797,349.797,349.797,349.797,349.797,349.797,349.797,349.797,373.117,396.437,396.437,396.437,396.437,396.437,NULL,NULL,NULL,NULL,NULL,NULL,NULL,NULL,NULL,NULL,NULL,NULL,NULL,NULL,NULL,NULL,NULL,NULL,NULL,NULL,NULL,NULL,NULL,NULL,NULL,NULL,NULL,NULL,NULL
Northern Mariana Islands,MNP,02/04/2020,NULL,34.748,34.748,34.748,34.748,34.748,34.748,34.748,34.748,34.748,34.748,34.748,34.748,34.748,34.748,34.748,34.748,34.748,34.748,34.748,34.748,34.748,34.748,34.748,34.748,34.748,34.748,34.748,34.748,34.748,NULL,NULL,NULL,NULL,NULL,NULL,NULL,NULL,NULL,NULL,NULL,NULL,NULL,NULL,NULL,NULL,NULL,NULL,NULL,NULL,NULL,NULL,NULL,NULL,NULL,NULL,NULL,NULL,NULL
Namibia,NAM,11/07/2020,22/07/2020,1.574,2.755,3.936,4.723,7.478,12.2,15.349,22.039,27.156,33.846,35.814,39.749,42.504,NULL,NULL,NULL,NULL,NULL,NULL,NULL,NULL,NULL,NULL,NULL,NULL,NULL,NULL,NULL,NULL,60.65,48.15,48.15,48.61,48.61,60.19,60.19,57.41,57.41,63.89,56.48,56.48,NULL,NULL,NULL,NULL,NULL,NULL,NULL,NULL,NULL,NULL,NULL,NULL,NULL,NULL,NULL,NULL,NULL
Cayman Islands,CYM,21/03/2020,NULL,15.216,15.216,15.216,15.216,15.216,15.216,15.216,15.216,15.216,15.216,15.216,15.216,15.216,15.216,15.216,15.216,15.216,15.216,15.216,15.216,15.216,15.216,15.216,15.216,15.216,15.216,15.216,15.216,15.216,90.74,90.74,90.74,90.74,94.44,94.44,94.44,80.09,77.31,77.31,77.31,77.31,77.31,77.31,77.31,77.31,66.2,51.39,51.39,NULL,NULL,NULL,NULL,NULL,NULL,NULL,NULL,NULL,NULL
Equatorial Guinea,GNQ,24/04/2020,14/05/2020,0.713,2.851,4.277,4.989,8.553,8.553,8.553,8.553,8.553,8.553,22.809,22.809,36.351,36.351,36.351,36.351,36.351,36.351,59.16,59.16,59.16,59.16,59.16,59.16,59.16,59.16,59.16,59.16,59.16,NULL,NULL,NULL,NULL,NULL,NULL,NULL,NULL,NULL,NULL,NULL,NULL,NULL,NULL,NULL,NULL,NULL,NULL,NULL,NULL,NULL,NULL,NULL,NULL,NULL,NULL,NULL,NULL,NULL
Curacao,CUW,26/03/2020,NULL,6.094,6.094,6.094,6.094,6.094,6.094,6.094,6.094,6.094,6.094,6.094,6.094,6.094,6.094,6.094,6.094,6.094,6.094,6.094,6.094,6.094,6.094,6.094,6.094,6.094,6.094,6.094,6.094,6.094,NULL,NULL,NULL,NULL,NULL,NULL,NULL,NULL,NULL,NULL,NULL,NULL,NULL,NULL,NULL,NULL,NULL,NULL,NULL,NULL,NULL,NULL,NULL,NULL,NULL,NULL,NULL,NULL,NULL
Armenia,ARM,27/03/2020,03/04/2020,2.7,4.387,6.074,8.099,9.449,11.136,13.499,15.524,18.561,23.623,30.71,44.208,61.757,76.605,96.179,112.04,133.975,149.499,163.335,184.258,199.782,219.355,236.228,245.678,257.151,264.913,273.013,280.774,287.524,NULL,NULL,NULL,NULL,NULL,NULL,NULL,NULL,NULL,NULL,NULL,NULL,NULL,NULL,NULL,NULL,NULL,NULL,NULL,NULL,NULL,NULL,NULL,NULL,NULL,NULL,NULL,NULL,NULL
Antigua and Barbuda,ATG,10/04/2020,NULL,20.423,30.635,30.635,30.635,30.635,30.635,30.635,30.635,30.635,30.635,30.635,30.635,30.635,30.635,30.635,30.635,30.635,30.635,30.635,30.635,30.635,30.635,30.635,30.635,30.635,30.635,30.635,30.635,30.635,NULL,NULL,NULL,NULL,NULL,NULL,NULL,NULL,NULL,NULL,NULL,NULL,NULL,NULL,NULL,NULL,NULL,NULL,NULL,NULL,NULL,NULL,NULL,NULL,NULL,NULL,NULL,NULL,NULL
Isle of Man,IMN,03/04/2020,19/04/2020,23.521,47.041,176.404,211.685,258.726,270.486,270.486,282.247,282.247,282.247,282.247,282.247,282.247,282.247,282.247,282.247,282.247,282.247,282.247,282.247,282.247,282.247,282.247,282.247,282.247,282.247,282.247,282.247,282.247,NULL,NULL,NULL,NULL,NULL,NULL,NULL,NULL,NULL,NULL,NULL,NULL,NULL,NULL,NULL,NULL,NULL,NULL,NULL,NULL,NULL,NULL,NULL,NULL,NULL,NULL,NULL,NULL,NULL
Liechtenstein,LIE,05/04/2020,NULL,26.221,26.221,26.221,26.221,26.221,26.221,26.221,26.221,26.221,26.221,26.221,26.221,26.221,26.221,26.221,26.221,26.221,26.221,26.221,26.221,26.221,26.221,26.221,26.221,26.221,26.221,26.221,26.221,26.221,NULL,NULL,NULL,NULL,NULL,NULL,NULL,NULL,NULL,NULL,NULL,NULL,NULL,NULL,NULL,NULL,NULL,NULL,NULL,NULL,NULL,NULL,NULL,NULL,NULL,NULL,NULL,NULL,NULL
Bahamas,BHS,02/04/2020,06/04/2020,20.343,22.886,22.886,27.972,27.972,27.972,27.972,27.972,27.972,27.972,27.972,27.972,27.972,27.972,27.972,27.972,27.972,27.972,27.972,27.972,27.972,27.972,35.601,35.601,38.144,43.23,55.944,101.717,109.346,NULL,NULL,NULL,NULL,NULL,NULL,NULL,NULL,NULL,NULL,NULL,NULL,NULL,NULL,NULL,NULL,NULL,NULL,NULL,NULL,NULL,NULL,NULL,NULL,NULL,NULL,NULL,NULL,NULL
Montserrat,MSR,26/04/2020,NULL,200.04,200.04,200.04,200.04,200.04,200.04,200.04,200.04,200.04,200.04,200.04,200.04,200.04,200.04,200.04,200.04,200.04,200.04,200.04,200.04,200.04,200.04,200.04,200.04,200.04,200.04,200.04,200.04,NULL,68.52,64.81,64.81,64.81,64.81,64.81,64.81,64.81,64.81,64.81,64.81,64.81,NULL,NULL,NULL,NULL,NULL,NULL,NULL,NULL,NULL,NULL,NULL,NULL,NULL,NULL,NULL,NULL,NULL
United States Virgin Islands,VIR,06/04/2020,12/05/2020,9.576,28.729,28.729,38.306,38.306,38.306,57.459,57.459,57.459,57.459,57.459,57.459,57.459,57.459,57.459,57.459,57.459,57.459,57.459,57.459,67.035,76.611,76.611,86.188,86.188,86.188,105.341,134.07,143.647,NULL,NULL,NULL,NULL,NULL,NULL,NULL,NULL,NULL,NULL,NULL,NULL,NULL,NULL,NULL,NULL,NULL,NULL,NULL,NULL,NULL,NULL,NULL,NULL,NULL,NULL,NULL,NULL,NULL
Sao Tome and Principe,STP,01/05/2020,09/05/2020,22.814,31.94,36.503,50.191,54.754,54.754,54.754,54.754,54.754,59.317,59.317,59.317,63.88,63.88,63.88,63.88,68.443,68.443,68.443,68.443,68.443,68.443,68.443,68.443,68.443,68.443,68.443,NULL,NULL,NULL,NULL,NULL,NULL,NULL,NULL,NULL,NULL,NULL,NULL,NULL,NULL,NULL,NULL,NULL,NULL,NULL,NULL,NULL,NULL,NULL,NULL,NULL,NULL,NULL,NULL,NULL,NULL,NULL
Belize,BLZ,06/04/2020,20/08/2020,5.03,5.03,5.03,5.03,5.03,5.03,5.03,5.03,5.03,5.03,5.03,5.03,5.03,5.03,5.03,5.03,5.03,5.03,5.03,5.03,5.03,5.03,5.03,5.03,5.03,10.06,15.09,30.179,32.694,75,75,75,76.85,76.85,76.85,85.19,85.19,85.19,85.19,75.93,75.93,71.3,71.3,71.3,71.3,67.59,67.59,67.59,67.59,67.59,67.59,67.59,70.83,70.83,70.83,70.83,70.83,72.22
Monaco,MCO,11/04/2020,NULL,25.482,25.482,25.482,25.482,25.482,25.482,25.482,25.482,25.482,25.482,25.482,25.482,25.482,25.482,25.482,25.482,25.482,25.482,25.482,25.482,25.482,25.482,25.482,25.482,25.482,25.482,25.482,25.482,25.482,NULL,NULL,NULL,NULL,NULL,NULL,NULL,NULL,NULL,NULL,NULL,NULL,NULL,NULL,NULL,NULL,NULL,NULL,NULL,NULL,NULL,NULL,NULL,NULL,NULL,NULL,NULL,NULL,NULL
Papua New Guinea,PNG,29/07/2020,29/08/2020,0.335,0.335,0.335,0.447,0.447,0.559,0.559,0.559,0.671,0.782,NULL,NULL,NULL,NULL,NULL,NULL,NULL,NULL,NULL,NULL,NULL,NULL,NULL,NULL,NULL,NULL,NULL,NULL,NULL,80.56,55.56,43.52,43.52,43.52,43.52,43.52,43.52,NULL,NULL,NULL,NULL,NULL,NULL,NULL,NULL,NULL,NULL,NULL,NULL,NULL,NULL,NULL,NULL,NULL,NULL,NULL,NULL,NULL
Rwanda,RWA,31/05/2020,19/07/2020,0.154,0.154,0.154,0.154,0.154,0.232,0.232,0.309,0.386,0.386,0.386,0.386,0.463,0.618,0.772,0.926,1.235,1.313,1.467,1.699,1.776,NULL,NULL,NULL,NULL,NULL,NULL,NULL,NULL,56.48,56.48,56.48,70.37,70.37,70.37,66.67,66.67,66.67,66.67,75.93,75.93,75.93,75.93,75.93,75.93,70.37,70.37,78.7,78.7,NULL,NULL,NULL,NULL,NULL,NULL,NULL,NULL,NULL
Burundi,BDI,15/04/2020,NULL,0.084,0.084,0.084,0.084,0.084,0.084,0.084,0.084,0.084,0.084,0.084,0.084,0.084,0.084,0.084,0.084,0.084,0.084,0.084,0.084,0.084,0.084,0.084,0.084,0.084,0.084,0.084,0.084,0.084,13.89,13.89,13.89,13.89,13.89,13.89,13.89,13.89,13.89,13.89,13.89,13.89,13.89,13.89,13.89,13.89,13.89,13.89,13.89,13.89,11.11,11.11,11.11,11.11,11.11,11.11,11.11,11.11,11.11
Fiji,FJI,01/08/2020,NULL,1.116,1.116,1.116,1.116,2.231,2.231,2.231,2.231,2.231,NULL,NULL,NULL,NULL,NULL,NULL,NULL,NULL,NULL,NULL,NULL,NULL,NULL,NULL,NULL,NULL,NULL,NULL,NULL,NULL,50.93,50.93,50.93,48.15,48.15,48.15,48.15,48.15,48.15,NULL,NULL,NULL,NULL,NULL,NULL,NULL,NULL,NULL,NULL,NULL,NULL,NULL,NULL,NULL,NULL,NULL,NULL,NULL,NULL
Aruba,ABW,16/04/2020,20/08/2020,18.733,18.733,18.733,28.099,28.099,28.099,28.099,28.099,28.099,28.099,28.099,28.099,28.099,28.099,28.099,28.099,28.099,28.099,28.099,28.099,28.099,28.099,37.465,37.465,65.564,84.296,112.395,140.494,168.593,85.19,85.19,81.48,81.48,81.48,48.15,48.15,38.89,38.89,32.41,32.41,32.41,32.41,32.41,32.41,32.41,32.41,32.41,32.41,32.41,43.52,47.22,47.22,58.33,58.33,60.65,60.65,55.09,63.43
Guernsey,GGY,04/04/2020,09/04/2020,89.483,134.224,149.138,193.879,193.879,193.879,193.879,193.879,193.879,193.879,193.879,193.879,193.879,193.879,193.879,193.879,193.879,193.879,193.879,193.879,193.879,193.879,193.879,193.879,193.879,193.879,193.879,193.879,193.879,NULL,NULL,NULL,NULL,NULL,NULL,NULL,NULL,NULL,NULL,NULL,NULL,NULL,NULL,NULL,NULL,NULL,NULL,NULL,NULL,NULL,NULL,NULL,NULL,NULL,NULL,NULL,NULL,NULL
Gambia,GMB,24/03/2020,23/07/2020,0.414,0.414,0.414,0.414,0.414,0.414,0.414,0.414,0.414,0.414,0.414,0.414,0.414,0.414,0.414,0.414,0.828,0.828,0.828,1.241,1.241,1.241,1.655,2.483,3.724,6.621,9.517,22.345,33.517,78.7,78.7,78.7,78.7,78.7,78.7,78.7,78.7,78.7,77.78,77.78,77.78,77.78,74.07,74.07,74.07,74.07,74.07,67.13,67.13,67.13,67.13,31.94,31.94,31.94,77.78,77.78,77.78,77.78
Malta,MLT,10/04/2020,06/05/2020,6.794,6.794,9.059,9.059,11.324,13.589,13.589,13.589,15.854,20.383,20.383,20.383,20.383,20.383,20.383,20.383,20.383,20.383,20.383,20.383,20.383,20.383,20.383,20.383,20.383,22.648,22.648,27.178,31.707,NULL,NULL,NULL,NULL,NULL,NULL,NULL,NULL,NULL,NULL,NULL,NULL,NULL,NULL,NULL,NULL,NULL,NULL,NULL,NULL,NULL,NULL,NULL,NULL,NULL,NULL,NULL,NULL,NULL
Botswana,BWA,02/04/2020,27/08/2020,0.425,0.425,0.425,0.425,0.425,0.425,0.425,0.425,0.425,0.425,0.425,0.425,0.425,0.425,0.425,0.425,0.425,0.425,0.425,0.425,0.425,0.425,0.85,0.85,0.85,1.276,1.276,1.276,2.551,86.11,86.11,86.11,86.11,86.11,86.11,78.7,78.7,61.11,61.11,61.11,57.41,57.41,57.41,57.41,57.41,57.41,57.41,57.41,57.41,57.41,54.17,64.35,58.8,56.94,47.22,47.22,52.78,52.78
World,OWID_WRL,11/01/2020,21/01/2020,0.001,0.007,0.027,0.063,0.117,0.196,0.273,0.346,0.382,0.434,0.551,0.839,1.46,2.771,4.967,8.534,12.599,16.631,21.614,25.632,29.237,32.281,35.776,38.732,41.384,43.921,46.702,49.284,51.887,NULL,NULL,NULL,NULL,NULL,NULL,NULL,NULL,NULL,NULL,NULL,NULL,NULL,NULL,NULL,NULL,NULL,NULL,NULL,NULL,NULL,NULL,NULL,NULL,NULL,NULL,NULL,NULL,NULL
Guinea-Bissau,GNB,27/04/2020,20/05/2020,1.016,1.524,1.524,3.049,3.049,4.065,6.098,6.098,7.622,8.638,9.654,12.195,12.703,12.703,13.211,13.211,13.211,13.211,13.72,14.736,16.768,16.768,16.768,16.768,17.276,19.309,19.817,19.817,NULL,NULL,NULL,NULL,NULL,NULL,NULL,NULL,NULL,NULL,NULL,NULL,NULL,NULL,NULL,NULL,NULL,NULL,NULL,NULL,NULL,NULL,NULL,NULL,NULL,NULL,NULL,NULL,NULL,NULL
Turks and Caicos Islands,TCA,06/04/2020,05/09/2020,25.828,25.828,25.828,25.828,25.828,25.828,25.828,25.828,25.828,25.828,25.828,25.828,25.828,25.828,25.828,25.828,51.656,51.656,51.656,51.656,51.656,51.656,51.656,51.656,51.656,51.656,51.656,77.483,103.311,79.63,79.63,79.63,79.63,75.93,75.93,75.93,75.93,73.15,73.15,73.15,73.15,73.15,73.15,51.85,51.85,51.85,68.52,68.52,68.52,49.07,49.07,49.07,49.07,62.96,62.96,62.96,53.7,NULL
Malawi,MWI,08/04/2020,14/06/2020,0.105,0.157,0.157,0.157,0.157,0.157,0.157,0.157,0.209,0.209,0.209,0.209,0.314,0.575,0.68,0.836,0.993,1.725,2.666,3.711,5.175,5.959,7.109,7.632,8.207,8.573,8.887,9.096,9.148,60.19,60.19,60.19,60.19,60.19,60.19,60.19,60.19,60.19,60.19,60.19,60.19,60.19,60.19,60.19,60.19,60.19,60.19,60.19,60.19,60.19,60.19,60.19,64.81,64.81,64.81,64.81,64.81,59.26
Cape Verde,CPV,25/03/2020,03/06/2020,1.799,1.799,1.799,1.799,1.799,1.799,3.597,3.597,3.597,5.396,5.396,7.194,8.993,8.993,10.792,12.59,14.389,21.583,26.979,32.375,34.173,35.972,37.771,39.569,43.166,48.562,59.354,62.951,66.548,79.63,79.63,79.63,79.63,79.63,79.63,87.96,79.63,79.63,79.17,79.17,79.17,79.17,79.17,79.17,79.17,79.17,79.17,79.17,79.17,79.17,68.06,68.06,65.28,65.28,65.28,65.28,65.28,65.28
Jersey,JEY,27/03/2020,16/04/2020,29.682,39.575,59.363,138.514,187.983,227.558,237.452,247.346,267.134,286.921,286.921,286.921,296.815,296.815,296.815,306.709,306.709,306.709,306.709,306.709,306.709,306.709,306.709,306.709,306.709,306.709,306.709,316.603,316.603,NULL,NULL,NULL,NULL,NULL,NULL,NULL,NULL,NULL,NULL,NULL,NULL,NULL,NULL,NULL,NULL,NULL,NULL,NULL,NULL,NULL,NULL,NULL,NULL,NULL,NULL,NULL,NULL,NULL
Central African Republic,CAF,24/05/2020,07/06/2020,0.828,1.035,1.449,3.727,6.211,9.317,9.938,10.767,10.974,10.974,11.802,12.216,12.216,12.216,12.63,12.63,12.63,12.63,12.837,12.837,12.837,12.837,12.837,NULL,NULL,NULL,NULL,NULL,NULL,75.93,75.93,64.81,64.81,64.81,64.81,64.81,64.81,64.81,53.7,53.7,54.63,54.63,54.63,54.63,54.63,54.63,54.63,54.63,54.63,54.63,NULL,NULL,NULL,NULL,NULL,NULL,NULL,NULL
Mozambique,MOZ,26/05/2020,22/06/2020,0.064,0.064,0.096,0.128,0.16,0.192,0.224,0.288,0.288,0.32,0.352,0.352,0.448,0.512,0.608,0.608,0.64,0.672,0.8,0.864,1.12,1.248,NULL,NULL,NULL,NULL,NULL,NULL,NULL,62.04,62.04,62.04,80.56,80.56,80.56,80.56,80.56,75,75,75,44.44,44.44,75,75,62.5,62.5,62.5,62.04,62.04,62.04,62.04,NULL,NULL,NULL,NULL,NULL,NULL,NULL
British Virgin Islands,VGB,20/04/2020,NULL,33.072,33.072,33.072,33.072,33.072,33.072,33.072,33.072,33.072,33.072,33.072,33.072,33.072,33.072,33.072,33.072,33.072,33.072,33.072,33.072,33.072,33.072,33.072,33.072,33.072,33.072,33.072,33.072,33.072,62.04,62.04,62.04,62.04,62.04,62.04,62.04,58.33,58.33,58.33,58.33,58.33,58.33,58.33,58.33,58.33,58.33,58.33,58.33,58.33,58.33,58.33,58.33,73.15,79.63,NULL,NULL,NULL,NULL
Brunei,BRN,29/03/2020,NULL,2.286,2.286,2.286,2.286,2.286,2.286,2.286,2.286,2.286,2.286,4.572,4.572,4.572,4.572,6.857,6.857,6.857,6.857,6.857,6.857,6.857,6.857,6.857,6.857,6.857,6.857,6.857,6.857,6.857,52.78,58.33,58.33,58.33,58.33,58.33,58.33,58.33,52.78,52.78,52.78,49.07,49.07,49.07,49.07,49.07,49.07,49.07,49.07,49.07,49.07,49.07,36.11,36.11,36.11,36.11,33.33,37.04,37.04
South Sudan,SSD,15/05/2020,20/05/2020,0.536,0.893,0.893,1.697,2.412,2.769,3.127,3.216,3.395,3.573,3.663,3.841,4.02,4.109,4.109,4.199,4.199,4.199,4.199,4.199,4.199,4.288,4.288,4.377,4.377,NULL,NULL,NULL,NULL,73.15,85.19,85.19,85.19,85.19,85.19,85.19,85.19,85.19,80.56,80.56,80.56,80.56,80.56,80.56,81.48,81.48,81.48,77.78,77.78,77.78,77.78,72.22,72.22,NULL,NULL,NULL,NULL,NULL
Benin,BEN,07/04/2020,13/06/2020,0.082,0.082,0.082,0.165,0.165,0.165,0.165,0.247,0.247,0.247,0.247,0.33,0.742,0.907,1.155,1.732,1.732,1.897,2.145,2.557,2.805,2.887,3.134,3.134,3.134,3.217,3.217,3.299,3.299,70.83,70.83,70.83,70.83,70.83,57.41,62.96,57.41,57.41,57.41,41.67,41.67,41.67,41.67,41.67,41.67,41.67,41.67,41.67,41.67,41.67,41.67,41.67,41.67,41.67,41.67,41.67,41.67,41.67
Palestine,PSE,27/03/2020,24/05/2020,0.196,0.392,0.392,0.392,0.392,0.784,0.784,0.784,0.784,0.784,0.98,0.98,0.98,0.98,0.98,0.98,0.98,1.568,3.136,5.293,9.213,12.153,13.918,16.074,17.054,20.19,22.543,24.307,28.031,96.3,96.3,96.3,96.3,96.3,96.3,96.3,96.3,96.3,96.3,80.56,80.56,80.56,80.56,80.56,80.56,80.56,80.56,83.33,83.33,83.33,83.33,83.33,77.78,77.78,77.78,77.78,77.78,77.78
Djibouti,DJI,10/04/2020,19/05/2020,2.024,2.024,2.024,2.024,3.036,3.036,7.085,10.121,20.243,26.316,31.376,41.498,43.522,49.595,52.631,55.668,55.668,56.68,56.68,58.704,58.704,59.716,59.716,59.716,59.716,60.729,60.729,60.729,61.741,100,100,100,100,100,100,59.26,53.7,53.7,53.7,53.7,53.7,53.7,53.7,53.7,53.7,53.7,53.7,45.37,45.37,45.37,45.37,45.37,45.37,45.37,45.37,45.37,45.37,37.96
Suriname,SUR,04/04/2020,16/06/2020,1.705,1.705,1.705,1.705,1.705,1.705,1.705,1.705,1.705,1.705,1.705,1.705,5.114,10.228,13.637,17.046,22.16,23.865,30.684,32.388,35.797,40.911,44.321,49.435,66.481,80.118,95.46,105.688,121.029,82.41,82.41,82.41,82.41,82.41,82.41,79.63,79.63,70.37,72.22,77.78,93.52,93.52,93.52,81.48,81.48,81.48,86.11,86.11,86.11,83.33,75.93,75.93,75.93,85.19,85.19,85.19,85.19,96.3
Yemen,YEM,01/05/2020,07/05/2020,0.268,0.503,0.972,1.509,2.582,3.453,4.258,5.499,8.415,9.187,10.192,11.299,12.104,14.417,14.92,15.456,16.261,16.73,17.2,17.703,17.971,18.34,18.876,19.144,19.211,19.547,19.58,NULL,NULL,56.48,56.48,56.48,56.48,58.33,58.33,58.33,58.33,58.33,58.33,58.33,58.33,58.33,31.48,31.48,31.48,31.48,31.48,31.48,31.48,31.48,31.48,31.48,31.48,31.48,31.48,NULL,NULL,NULL
Angola,AGO,30/03/2020,12/06/2020,0.061,0.061,0.061,0.061,0.061,0.061,0.061,0.061,0.061,0.091,0.122,0.122,0.122,0.152,0.213,0.274,0.304,0.517,0.578,0.791,0.882,0.913,1.217,1.582,1.886,2.373,2.617,2.83,3.134,90.74,90.74,90.74,78.7,78.7,78.7,75.93,75.93,81.48,81.48,77.78,77.78,75.93,75.93,75.93,75.93,75.93,75.93,75.93,76.39,76.39,76.39,76.39,79.17,79.17,79.17,79.17,76.39,76.39
Syria,SYR,30/03/2020,02/06/2020,0.114,0.114,0.114,0.171,0.171,0.171,0.171,0.171,0.171,0.229,0.229,0.343,0.343,0.343,0.4,0.4,0.514,0.514,0.8,0.914,1.429,1.829,2.286,2.457,2.743,3.028,3.657,4.743,5.6,83.33,83.33,86.11,82.41,82.41,82.41,82.41,82.41,82.41,82.41,61.11,61.11,61.11,61.11,61.11,61.11,61.11,61.11,61.11,61.11,61.11,61.11,61.11,61.11,61.11,57.41,57.41,57.41,57.41
Mauritania,MRT,03/04/2020,22/05/2020,0.215,0.215,0.215,0.215,0.215,0.215,0.215,0.86,1.075,3.441,4.947,9.248,13.119,20.001,23.228,25.593,27.099,27.959,30.97,32.045,33.336,33.551,33.766,33.766,33.766,33.766,33.981,33.981,34.196,77.78,77.78,77.78,77.78,77.78,77.78,77.78,77.78,77.78,77.78,77.78,77.78,77.78,77.78,77.78,77.78,74.07,53.7,29.63,29.63,29.63,29.63,29.63,29.63,29.63,29.63,29.63,29.63,29.63
Madagascar,MDG,18/05/2020,30/05/2020,0.072,0.217,0.289,0.361,0.433,0.506,0.578,0.794,1.192,1.228,1.914,2.347,3.07,3.828,4.586,5.453,5.995,6.392,6.428,6.898,7.15,7.439,7.692,7.909,NULL,NULL,NULL,NULL,NULL,70.37,70.37,70.37,70.37,70.37,70.37,68.98,68.98,68.98,68.98,68.98,68.98,68.98,68.98,68.98,67.59,65.74,70.37,70.37,58.33,58.33,58.33,56.48,56.48,NULL,NULL,NULL,NULL,NULL
Montenegro,MNE,27/03/2020,19/04/2020,3.184,3.184,6.369,7.961,9.553,11.145,12.738,14.33,14.33,14.33,14.33,14.33,14.33,14.33,14.33,14.33,14.33,17.514,22.291,30.252,39.805,47.766,63.688,74.833,82.794,98.716,116.231,127.376,133.745,NULL,NULL,NULL,NULL,NULL,NULL,NULL,NULL,NULL,NULL,NULL,NULL,NULL,NULL,NULL,NULL,NULL,NULL,NULL,NULL,NULL,NULL,NULL,NULL,NULL,NULL,NULL,NULL,NULL
Democratic Republic of Congo,COD,22/03/2020,29/03/2020,0.089,0.201,0.223,0.246,0.279,0.313,0.346,0.38,0.458,0.67,0.681,0.748,0.77,0.871,0.994,1.184,1.351,1.507,1.865,2.021,2.099,2.11,2.155,2.233,2.378,2.389,2.49,2.613,2.702,77.78,80.56,80.56,80.56,80.56,80.56,80.56,80.56,80.56,80.56,80.56,80.56,80.56,80.56,80.56,80.56,80.56,80.56,80.56,80.56,80.56,80.56,80.56,55.56,55.56,59.26,59.26,48.15,37.04
Singapore,SGP,22/03/2020,03/04/2020,0.513,1.026,1.026,1.709,1.88,2.051,2.564,3.077,3.419,3.59,3.76,3.931,3.931,4.102,4.273,4.444,4.444,4.444,4.444,4.444,4.444,4.615,4.615,4.615,4.615,4.615,4.615,4.615,4.615,38.89,48.15,79.63,85.19,85.19,85.19,85.19,85.19,85.19,81.48,81.48,81.48,81.48,77.78,77.78,77.78,53.7,53.7,53.7,53.7,53.7,53.7,53.7,51.85,51.85,51.85,51.85,51.85,51.85
Sri Lanka,LKA,29/03/2020,05/04/2020,0.28,0.327,0.327,0.327,0.327,0.327,0.42,0.42,0.42,0.42,0.467,0.514,0.514,0.514,0.514,0.514,0.514,0.514,0.514,0.514,0.514,0.514,0.514,0.514,0.514,0.514,0.514,0.514,0.56,100,100,83.33,77.78,79.63,79.63,79.63,82.41,82.41,79.63,76.85,76.85,76.85,55.56,55.56,55.56,55.56,53.7,50,50,53.7,53.7,50,41.67,41.67,41.67,41.67,25.93,25.93
Georgia,GEO,06/04/2020,23/04/2020,0.752,1.003,1.253,1.504,2.256,2.507,3.008,3.008,3.008,3.008,3.259,3.259,3.509,3.509,3.509,3.76,3.76,3.76,3.76,3.76,4.011,4.262,4.262,4.262,4.262,4.262,4.262,4.763,4.763,100,100,100,96.3,96.3,96.3,96.3,96.3,86.11,71.3,71.3,71.3,60.19,57.41,57.41,60.19,60.19,59.26,53.7,53.7,53.7,53.7,53.7,53.7,59.26,59.26,59.26,59.26,59.26
Belgium,BEL,11/03/2020,13/03/2020,11.217,41.244,100.78,201.301,319.683,439.618,537.032,614.774,670.687,708.997,741.181,765.427,780.613,794.677,804.686,814.091,819.095,823.064,825.653,828.414,830.399,832.124,832.987,833.677,835.23,835.921,837.042,838.337,840.321,81.48,81.48,81.48,81.48,81.48,81.48,81.48,81.48,81.48,78.7,78.7,75,75,75,75,75,51.85,51.85,51.85,51.85,51.85,48.15,48.15,48.15,48.15,48.15,61.11,61.11,57.41
Uruguay,URY,30/03/2020,05/04/2020,2.015,2.303,2.591,3.455,4.318,4.894,5.182,5.47,5.758,6.333,6.333,6.621,6.621,6.621,6.909,7.197,7.485,8.061,8.348,8.924,9.212,9.788,10.076,10.076,10.651,10.651,10.939,12.091,12.379,72.22,62.96,62.96,61.11,61.11,61.11,61.11,61.11,61.11,61.11,61.11,57.41,57.41,57.41,57.41,57.41,46.3,46.3,40.74,20.37,20.37,20.37,20.37,20.37,24.07,24.07,29.63,29.63,29.63
Swaziland,SWZ,18/04/2020,21/06/2020,0.862,0.862,1.724,1.724,1.724,1.724,1.724,2.586,2.586,2.586,3.448,4.31,6.896,9.481,11.205,15.515,18.101,20.687,27.582,35.34,45.683,52.579,59.474,69.818,74.127,78.437,81.023,83.609,87.057,84.26,84.26,84.26,84.26,84.26,84.26,84.26,84.26,84.26,84.26,84.26,84.26,84.26,84.26,84.26,80.56,80.56,80.56,80.56,80.56,80.56,80.56,80.56,64.81,64.81,64.81,64.81,62.96,62.96
Cuba,CUB,19/03/2020,01/04/2020,0.265,0.53,0.971,1.589,2.737,3.532,4.944,5.827,6.445,6.886,6.975,7.151,7.24,7.328,7.328,7.416,7.416,7.504,7.504,7.593,7.593,7.681,7.681,7.681,7.681,7.681,7.769,7.769,7.769,66.67,66.67,70.37,73.15,83.33,83.33,83.33,83.33,85.19,100,100,100,100,100,100,100,100,86.11,86.11,86.11,58.33,58.33,58.33,58.33,58.33,58.33,58.33,74.07,74.07
Senegal,SEN,02/04/2020,21/04/2020,0.119,0.119,0.299,0.538,0.538,0.717,1.135,1.493,1.971,2.21,2.508,2.688,3.225,3.822,4.897,5.614,6.689,7.943,8.66,9.138,10.153,11.168,12.184,12.781,13.856,14.871,15.409,16.245,16.842,77.78,77.78,77.78,77.78,77.78,77.78,72.22,72.22,72.22,72.22,72.22,72.22,61.11,61.11,61.11,57.41,46.3,46.3,46.3,46.3,32.41,32.41,32.41,32.41,32.41,32.41,37.96,37.96,37.96
Togo,TGO,28/03/2020,17/04/2020,0.362,0.362,0.604,0.725,0.725,1.087,1.087,1.329,1.329,1.449,1.57,1.57,1.57,1.57,1.57,1.57,1.691,1.691,1.812,1.812,1.812,1.812,2.053,2.174,2.295,2.778,3.141,3.261,3.261,73.15,73.15,73.15,73.15,73.15,73.15,73.15,73.15,73.15,73.15,73.15,73.15,73.15,53.7,53.7,53.7,53.7,53.7,53.7,53.7,53.7,50.93,50.93,50.93,45.37,45.37,45.37,48.15,48.15
South Africa,ZAF,27/03/2020,01/04/2020,0.185,0.405,0.573,0.978,1.45,1.737,2.495,3.271,4.165,5.716,8.11,10.842,14.298,19.592,24.954,30.872,37.178,42.641,51.021,62.723,73.278,84.861,106.949,126.406,143.976,172.15,190.023,206.783,220.187,87.96,87.96,87.96,87.96,87.96,84.26,84.26,84.26,84.26,84.26,84.26,84.26,80.56,76.85,76.85,76.85,76.85,76.85,76.85,76.85,80.56,80.56,80.56,80.56,80.56,80.56,80.56,77.78,77.78
Ghana,GHA,22/03/2020,29/03/2020,0.161,0.161,0.193,0.257,0.29,0.322,0.547,0.579,0.708,0.901,0.998,1.03,1.126,1.223,1.545,1.738,2.253,3.057,3.604,3.765,4.152,4.473,4.763,5.181,5.632,6.147,6.63,7.177,7.981,86.11,86.11,86.11,86.11,62.04,62.04,62.04,62.04,62.04,62.04,62.04,56.48,56.48,56.48,56.48,56.48,56.48,52.78,52.78,52.78,52.78,52.78,52.78,52.78,52.78,52.78,52.78,52.78,52.78
Russia,RUS,27/03/2020,29/03/2020,0.308,0.644,1.357,2.775,4.666,7.353,9.943,13.122,16.569,20.365,24.895,31.213,36.893,42.081,47.61,54.627,58.334,62.809,68.709,74.3,79.584,84.572,89.396,93.693,97.352,101.785,105.417,108.761,112.263,85.19,85.19,85.19,85.19,85.19,85.19,85.19,85.19,78.24,78.24,78.24,78.24,74.54,74.54,74.54,74.54,72.69,72.69,72.69,72.69,68.06,68.06,68.06,68.06,68.06,68.06,68.06,68.06,54.17
Serbia,SRB,21/03/2020,28/03/2020,2.351,6.466,9.699,13.814,17.929,21.162,25.424,28.951,31.302,32.919,34.389,34.976,35.564,36.005,36.74,37.181,37.916,38.65,39.679,43.794,50.113,59.519,67.748,74.655,80.975,86.706,91.997,96.699,99.492,100,100,100,100,100,96.3,96.3,93.52,93.52,93.52,51.85,49.07,49.07,43.52,24.07,24.07,24.07,24.07,25.93,38.89,38.89,44.44,55.56,55.56,55.56,55.56,55.56,55.56,58.33
Sierra Leone,SLE,24/04/2020,01/05/2020,1.003,2.131,2.633,4.137,4.889,5.641,5.767,6.017,6.393,6.393,6.895,7.396,7.522,7.898,7.898,8.148,8.274,8.274,8.399,8.525,8.65,8.65,8.65,8.65,8.775,8.901,9.026,9.026,9.026,94.44,73.15,73.15,73.15,73.15,73.15,73.15,56.48,56.48,56.48,56.48,56.48,46.3,46.3,40.74,40.74,32.41,32.41,32.41,32.41,32.41,32.41,32.41,32.41,32.41,32.41,32.41,NULL,NULL
Cote d'Ivoire,CIV,30/03/2020,13/04/2020,0.114,0.227,0.303,0.531,0.531,0.644,0.758,0.91,1.061,1.137,1.213,1.251,1.365,1.706,1.82,2.047,2.426,2.578,2.843,3.184,3.298,3.526,3.639,3.867,3.905,3.981,4.17,4.246,4.322,80.56,80.56,80.56,80.56,80.56,80.56,69.91,69.91,64.81,64.81,59.26,59.26,59.26,57.41,57.41,57.41,60.65,57.87,57.87,57.87,60.65,60.65,44.91,26.39,26.39,26.39,26.39,32.87,32.87
Spain,ESP,05/03/2020,07/03/2020,2.909,16.405,57.663,139.622,233.88,311.305,374.058,437.453,481.748,519.198,543.859,566.316,584.347,594.121,614.953,580.069,580.219,580.39,580.39,580.39,605.82,606.205,607.104,607.339,607.553,607.852,608.045,608.194,608.387,67.13,71.76,71.76,85.19,85.19,85.19,85.19,85.19,85.19,85.19,81.94,81.94,83.33,79.17,75.46,68.06,66.67,57.41,57.41,57.41,39.35,39.35,39.35,55.09,55.09,64.35,64.35,64.35,64.35
Ukraine,UKR,19/03/2020,27/03/2020,0.183,0.503,1.029,1.898,2.858,3.979,5.03,6.38,7.774,9.718,11.753,13.445,15.046,16.418,17.767,19.527,20.853,22.911,24.832,26.821,28.856,31.372,33.041,34.71,36.699,38.712,40.884,44.611,46.737,88.89,88.89,88.89,88.89,88.89,88.89,88.89,88.89,88.89,88.89,88.89,83.33,79.63,72.69,72.69,72.69,64.35,37.96,37.96,37.96,37.96,37.96,37.96,37.96,37.96,44.91,54.17,54.17,54.17
Nepal,NPL,17/05/2020,29/05/2020,0.137,0.275,0.378,0.515,0.652,0.755,0.892,0.995,1.167,1.201,1.339,1.373,1.544,1.785,1.991,2.574,3.398,4.119,5.388,7.104,8.82,10.502,11.841,13.385,NULL,NULL,NULL,NULL,NULL,92.59,92.59,92.59,92.59,92.59,92.59,92.59,92.59,92.59,92.59,92.59,77.78,78.7,78.7,78.7,84.26,90.74,85.19,82.41,82.41,76.85,74.07,74.07,NULL,NULL,NULL,NULL,NULL,NULL
Panama,PAN,11/03/2020,24/03/2020,0.232,1.391,6.026,10.661,15.296,22.017,29.202,35.691,41.254,47.048,54.928,60.258,65.125,70.919,75.554,82.739,92.241,99.426,110.087,124.225,139.984,161.77,189.813,216.002,248.217,280.2,312.647,340.922,368.734,59.26,75.93,75.93,90.74,90.74,90.74,93.52,93.52,93.52,93.52,93.52,89.81,89.81,89.81,89.81,89.81,83.33,83.33,83.33,83.33,83.33,83.33,83.33,83.33,83.33,84.26,80.56,80.56,80.56
Zimbabwe,ZWE,24/03/2020,21/06/2020,0.067,0.067,0.202,0.202,0.202,0.269,0.269,0.269,0.269,0.269,0.269,0.269,0.269,0.269,0.269,0.269,0.404,0.404,0.471,0.606,1.211,1.547,1.749,2.288,4.508,5.652,6.997,8.747,10.16,87.96,87.96,87.96,87.96,87.96,87.96,87.96,87.96,87.96,87.96,87.96,87.96,87.96,70.37,70.37,70.37,70.37,70.37,70.37,70.37,76.85,76.85,80.56,80.56,80.56,80.56,80.56,80.56,80.56
Zambia,ZMB,03/04/2020,10/05/2020,0.109,0.109,0.163,0.163,0.163,0.218,0.381,0.381,0.381,0.381,0.381,0.381,0.544,0.598,0.598,1.142,1.632,1.632,2.285,4.46,6.527,7.561,8.214,9.574,13.109,14.143,14.904,15.339,15.611,50.93,65.28,65.28,65.28,70.83,43.52,43.52,43.52,43.52,43.52,39.81,39.81,39.81,39.81,39.81,50.93,50.93,50.93,50.93,50.93,50.93,50.93,50.93,50.93,50.93,50.93,49.07,49.07,49.07
Greece,GRC,12/03/2020,18/03/2020,1.247,2.494,4.701,7.004,8.635,9.786,11.129,12.472,13.432,14.007,14.487,15.351,15.926,16.502,16.79,17.269,17.557,17.557,18.133,18.229,18.325,18.421,18.517,18.517,18.613,19.284,19.476,20.052,20.244,74.07,84.26,84.26,84.26,84.26,84.26,84.26,84.26,84.26,72.22,68.52,68.52,68.52,68.52,62.04,54.63,54.63,40.74,40.74,46.3,40.74,46.3,46.3,57.41,57.41,57.41,57.41,46.3,46.3
Luxembourg,LUX,14/03/2020,21/03/2020,12.78,28.755,47.925,70.29,105.435,115.02,127.8,140.58,146.97,159.751,162.946,170.933,174.128,175.726,175.726,175.726,175.726,175.726,175.726,175.726,175.726,175.726,175.726,177.323,177.323,178.921,182.116,188.506,193.298,79.63,79.63,79.63,79.63,79.63,79.63,70.37,70.37,70.37,70.37,56.48,56.48,56.48,43.52,43.52,43.52,37.96,37.96,37.96,24.07,24.07,24.07,24.07,11.11,19.44,19.44,22.22,22.22,31.48
Germany,DEU,10/03/2020,13/03/2020,0.513,1.778,5.431,13.821,25.148,35.436,51.251,63.509,72.985,79.872,87.952,92.178,95.567,98.432,100.855,102.06,103.528,104.805,105.7,106.166,106.906,107.455,107.849,108.183,108.41,108.625,108.875,109.102,109.603,57.87,76.85,76.85,76.85,76.85,76.85,76.85,76.85,76.85,71.76,64.35,64.35,59.72,59.72,59.72,59.72,59.72,59.72,63.43,63.43,63.43,63.43,55.09,55.09,55.09,55.09,55.09,57.87,59.72
Portugal,PRT,18/03/2020,21/03/2020,7.453,18.339,30.5,46.093,61.687,74.73,91.01,98.757,106.799,112.193,117.979,125.237,131.611,138.28,143.674,146.616,149.068,149.852,151.912,154.56,158.286,161.425,164.367,165.838,168.29,169.368,170.545,172.212,173.782,82.41,82.41,82.41,87.96,82.41,82.41,82.41,87.96,75,75,75,71.3,71.3,71.3,69.91,69.91,69.91,69.91,72.69,72.69,71.3,71.3,71.76,71.76,71.76,65.28,65.28,66.2,66.2
Kosovo,OWID_KOS,23/03/2020,08/04/2020,0.517,1.552,3.622,5.691,8.796,10.348,12.417,13.452,14.487,15.004,15.004,15.522,15.522,15.522,16.039,17.074,18.109,21.73,26.387,34.148,48.635,57.948,71.917,87.439,109.687,153.148,169.187,197.126,219.891,92.59,92.59,92.59,92.59,92.59,92.59,92.59,92.59,92.59,92.59,87.04,87.04,73.15,73.15,59.26,59.26,59.26,59.26,59.26,54.63,54.63,54.63,54.63,54.63,69.44,69.44,69.44,69.44,69.44
Guam,GUM,22/03/2020,12/04/2020,17.774,23.699,23.699,29.624,29.624,29.624,29.624,29.624,29.624,29.624,29.624,29.624,29.624,29.624,29.624,29.624,29.624,29.624,29.624,29.624,29.624,29.624,29.624,29.624,29.624,29.624,29.624,29.624,29.624,67.59,67.59,75.93,75.93,75.93,75.93,73.15,73.15,69.44,69.44,69.44,69.44,66.67,63.89,63.89,63.89,63.89,63.89,63.89,63.89,63.89,63.89,60.19,60.19,60.19,60.19,63.89,63.89,72.22
Slovakia,SVK,07/04/2020,16/04/2020,1.465,2.564,3.297,4.213,4.579,4.762,5.129,5.129,5.129,5.129,5.129,5.129,5.129,5.129,5.129,5.129,5.129,5.129,5.129,5.129,5.129,5.129,5.312,5.678,5.678,6.044,6.044,6.044,6.777,75,73.15,73.15,73.15,73.15,73.15,73.15,73.15,73.15,69.44,50,44.44,40.74,37.96,37.96,37.96,37.96,37.96,37.96,37.96,37.96,35.19,35.19,35.19,35.19,32.41,28.7,28.7,25.93
Kuwait,KWT,05/04/2020,18/04/2020,0.702,1.639,3.512,5.62,9.366,11.474,20.606,28.334,36.529,45.427,53.857,62.989,67.673,72.122,78.21,81.488,84.298,88.747,92.025,95.304,98.582,103.499,107.012,110.29,114.505,117.549,120.125,122.232,125.042,93.52,93.52,88.89,88.89,88.89,100,100,100,100,100,84.26,85.19,85.19,85.19,85.19,85.19,83.33,83.33,83.33,77.78,77.78,71.3,65.74,65.74,65.74,65.74,65.74,65.74,65.74
India,IND,13/03/2020,23/03/2020,0.005,0.014,0.036,0.083,0.198,0.317,0.464,0.632,0.883,1.292,1.662,2.081,2.596,3.143,3.909,4.813,5.871,7.174,9.604,11.088,12.609,14.27,16.031,18.054,20.351,23.234,25.904,28.837,32.164,86.57,100,100,100,100,100,96.3,96.3,96.3,81.94,81.94,81.94,79.17,79.17,75.46,75.46,76.85,76.85,76.39,76.39,74.07,74.07,77.78,77.78,77.78,77.78,77.78,79.63,79.63
Puerto Rico,PRI,28/03/2020,30/03/2020,7.341,14.681,19.575,22.022,29.362,32.857,34.605,39.499,42.645,44.043,45.092,47.538,49.286,49.985,51.384,51.384,52.782,53.481,54.18,55.578,59.773,62.919,70.259,74.803,82.843,97.524,108.709,124.439,136.324,93.52,93.52,93.52,93.52,93.52,93.52,89.81,89.81,89.81,89.81,89.81,89.81,89.81,89.81,65.74,65.74,65.74,65.74,65.74,65.74,60.19,67.59,67.59,67.59,67.59,67.59,67.59,70.37,70.37
Czech Republic,CZE,23/03/2020,26/03/2020,3.642,7.284,12.046,15.781,18.769,20.637,22.411,24.465,26.333,27.64,28.574,29.601,29.881,30.535,30.628,30.815,31.376,32.216,32.589,32.496,32.87,33.15,33.523,34.364,35.391,35.764,36.325,36.792,37.725,74.07,74.07,74.07,71.3,60.19,57.41,57.41,57.41,57.41,57.41,57.41,45.37,41.67,41.67,41.67,41.67,35.19,35.19,37.5,34.72,34.72,34.72,37.5,37.5,36.11,36.11,36.11,36.11,36.11
Saudi Arabia,SAU,25/03/2020,30/03/2020,0.603,1.178,1.867,2.643,3.476,4.366,5.285,6.578,7.842,9.192,10.886,12.667,15.77,20.452,25.651,31.338,37.543,43.402,50.325,57.937,63.854,69.139,74.712,79.279,82.352,87.752,92.865,97.892,102.833,89.81,91.67,91.67,91.67,91.67,94.44,91.67,89.81,89.81,89.81,91.67,91.67,75.46,69.91,69.91,69.91,71.3,71.3,71.3,71.3,71.3,71.3,71.3,65.74,65.74,71.3,60.19,60.19,60.19
Tanzania,TZA,29/03/2020,18/04/2020,0.017,0.05,0.084,0.167,0.167,0.268,0.352,0.352,0.352,0.352,0.352,0.352,0.352,0.352,0.352,0.352,0.352,0.352,0.352,0.352,0.352,0.352,0.352,0.352,0.352,0.352,0.352,0.352,0.352,47.22,50,50,50,50,50,50,50,38.89,38.89,41.67,32.41,32.41,32.41,32.41,32.41,32.41,25,25,25,25,27.78,27.78,27.78,27.78,27.78,27.78,22.22,22.22
Norway,NOR,13/03/2020,20/03/2020,1.291,2.951,5.903,10.883,18.077,25.087,30.067,35.601,37.63,38.552,41.319,42.795,43.164,43.348,43.532,43.901,44.086,44.639,45.008,45.93,46.115,46.299,46.484,46.668,47.037,47.037,47.037,47.222,47.222,62.96,79.63,79.63,79.63,79.63,79.63,64.81,64.81,64.81,64.81,60.19,54.63,54.63,54.63,54.63,39.81,39.81,34.26,34.26,34.26,34.26,34.26,34.26,34.26,34.26,34.26,34.26,34.26,34.26
Moldova,MDA,19/03/2020,02/04/2020,0.496,1.487,5.454,7.933,13.882,18.84,25.285,30.739,35.945,45.117,52.306,58.751,67.923,76.104,82.053,92.961,104.86,117.254,127.666,136.094,147.498,158.653,165.098,175.262,182.203,192.862,204.018,210.711,221.866,87.04,87.04,87.04,87.04,84.26,84.26,84.26,84.26,84.26,84.26,80.56,80.56,80.56,80.56,80.56,80.56,80.56,80.56,80.56,80.56,80.56,77.78,57.41,57.41,57.41,57.41,57.41,57.41,57.41
Bulgaria,BGR,12/03/2020,29/03/2020,0.432,0.432,1.151,2.878,3.598,5.181,6.188,7.915,9.499,11.226,13.096,14.68,17.27,18.709,20.148,21.156,24.034,25.042,27.776,30.079,32.094,34.684,37.706,40.729,43.175,48.5,52.961,55.84,64.043,73.15,73.15,71.3,71.3,71.3,73.15,73.15,73.15,73.15,62.04,60.19,62.96,59.26,56.48,44.44,44.44,38.89,38.89,36.11,36.11,36.11,36.11,47.22,36.11,27.78,27.78,30.56,30.56,30.56
Iceland,ISL,20/03/2020,07/04/2020,5.861,11.722,17.582,23.443,26.374,29.304,29.304,29.304,29.304,29.304,29.304,29.304,29.304,29.304,29.304,29.304,29.304,29.304,29.304,29.304,29.304,29.304,29.304,29.304,29.304,29.304,29.304,29.304,29.304,53.7,53.7,53.7,53.7,53.7,53.7,53.7,46.3,46.3,46.3,46.3,46.3,36.11,36.11,36.11,36.11,33.33,33.33,33.33,33.33,33.33,33.33,33.33,33.33,33.33,39.81,39.81,39.81,39.81
Algeria,DZA,13/03/2020,18/03/2020,0.388,0.593,1.323,3.945,6.271,7.936,8.939,9.692,10.33,10.855,11.562,12.36,13.113,14.07,14.891,15.735,16.693,17.719,19.087,20.022,20.798,21.71,22.713,23.717,24.788,26.134,27.365,28.46,29.691,75,75,86.57,86.57,86.57,92.13,92.13,76.85,76.85,76.85,87.96,76.85,76.85,76.85,76.85,76.85,76.85,65.74,65.74,65.74,65.74,65.74,74.07,74.07,74.07,74.07,79.63,79.63,85.19
Egypt,EGY,09/03/2020,19/03/2020,0.059,0.137,0.293,0.508,0.831,1.554,2.003,2.58,3.293,4.055,4.71,5.316,6.156,6.909,7.974,9.821,11.707,13.456,17.257,21.43,25.602,29.648,33.439,36.83,40.26,42.987,45.009,46.954,48.175,29.63,51.85,84.26,84.26,84.26,84.26,84.26,84.26,84.26,84.26,84.26,84.26,84.26,84.26,84.26,84.26,71.3,71.3,71.3,71.3,71.3,60.19,60.19,60.19,60.19,60.19,60.19,60.19,62.96
Philippines,PHL,02/02/2020,14/03/2020,0.009,0.009,0.009,0.009,NULL,0.009,0.018,0.128,0.228,0.493,0.876,1.487,2.254,3.303,3.988,4.572,5.284,6.005,6.625,7.456,7.72,8.085,8.733,9.007,9.372,10.02,10.495,11.06,11.553,25,25,25,25,25,25,34.26,97.22,100,100,100,100,100,100,100,100,96.3,96.3,96.3,96.3,96.3,96.3,77.78,77.78,77.78,83.33,83.33,83.33,83.33
New Zealand,NZL,29/03/2020,13/04/2020,0.207,1.037,2.281,3.318,3.94,4.147,4.355,4.355,4.355,4.355,4.562,4.562,4.562,4.562,4.562,4.562,4.562,4.562,4.562,4.562,4.562,4.562,4.562,4.562,4.562,4.562,4.562,4.562,4.562,96.3,96.3,96.3,96.3,87.04,83.33,83.33,83.33,36.11,36.11,36.11,33.33,33.33,22.22,22.22,22.22,22.22,22.22,22.22,22.22,22.22,22.22,22.22,22.22,22.22,22.22,68.98,68.98,72.69
Austria,AUT,13/03/2020,20/03/2020,1.777,7.55,16.211,24.427,37.418,45.523,51.408,60.179,65.398,67.508,68.84,69.728,70.283,71.394,74.169,74.614,74.725,75.28,76.39,77.5,78.278,78.389,78.389,78.833,78.833,79.055,79.721,79.832,80.054,85.19,85.19,85.19,85.19,85.19,81.48,81.48,78.7,68.52,64.81,59.26,59.26,55.56,55.56,50,43.52,43.52,43.52,43.52,43.52,43.52,43.52,31.48,31.48,31.48,31.48,31.48,31.48,31.48
France,FRA,15/02/2020,06/03/2020,0.015,0.031,0.107,0.506,1.946,6.894,20.391,46.328,115.82,187.059,240.971,302.083,340.797,369.016,386.083,403.073,420.155,429.301,434.587,439.903,444.606,447.486,450.382,453.522,455.315,456.203,457.965,459.068,460.049,16.67,37.5,46.76,46.76,59.72,87.96,87.96,87.96,87.96,87.96,87.96,87.96,87.96,87.96,87.96,87.96,74.07,74.07,74.07,72.22,69.44,66.67,65.28,65.28,41.2,41.2,41.2,41.2,41.2
Chile,CHL,23/03/2020,28/03/2020,0.837,1.936,3.819,5.493,7.69,9.887,12.241,14.7,16.897,22.023,30.812,42.163,55.136,75.747,129.471,175.872,224.678,256.484,297.549,329.982,354.725,375.911,451.606,471.851,490.526,509.777,527.144,540.902,553.352,73.15,73.15,73.15,73.15,73.15,73.15,73.15,73.15,75.93,78.24,78.24,78.24,78.24,78.24,78.24,78.24,78.24,78.24,78.24,89.35,89.35,89.35,86.57,86.57,86.57,89.35,83.8,83.8,83.8
Poland,POL,13/03/2020,18/03/2020,0.185,0.423,1.136,2.827,5.496,8.297,10.595,14.136,17.201,19.368,21.429,24.177,25.683,27.057,28.113,30.042,31.865,33.187,35.565,37.308,38.656,40.083,41.272,42.117,42.989,43.967,45.156,45.922,47.745,57.41,57.41,81.48,81.48,83.33,83.33,83.33,83.33,83.33,83.33,83.33,83.33,83.33,79.63,64.81,53.7,53.7,50.93,50.93,50.93,50.93,50.93,39.81,39.81,39.81,39.81,39.81,39.81,39.81
Mexico,MEX,21/03/2020,25/03/2020,0.217,0.613,1.505,3.149,5.321,9.47,13.433,17.614,26.006,34.724,43.945,57.348,73.023,90.962,108.995,130.859,153.157,181.312,206.681,231.462,254.365,274.942,301.615,325.038,348.057,370.317,397.967,423.988,442.269,82.41,82.41,82.41,82.41,82.41,82.41,82.41,82.41,82.41,82.41,82.41,82.41,82.41,72.69,72.69,70.83,70.83,70.83,70.83,70.83,70.83,70.83,70.83,70.83,70.83,70.83,70.83,70.83,70.83
Denmark,DNK,16/03/2020,20/03/2020,5.87,13.294,27.796,40.917,51.621,61.289,69.576,76.482,84.596,89.085,92.883,95.128,97.027,98.063,100.135,102.379,103.07,103.588,104.105,104.278,104.623,105.141,105.314,105.487,105.659,105.832,106.177,106.523,107.213,72.22,72.22,72.22,72.22,68.52,68.52,68.52,68.52,68.52,65.74,65.74,65.74,62.96,62.96,62.96,62.96,62.96,62.96,62.96,62.96,62.96,60.19,60.19,60.19,60.19,60.19,56.48,56.48,56.48
El Salvador,SLV,01/04/2020,09/04/2020,0.925,0.925,1.079,1.233,1.542,2.158,2.621,3.854,4.934,5.55,7.092,8.017,9.25,11.409,14.338,19.426,25.284,32.376,37.464,42.86,53.036,60.128,66.295,74.928,82.637,90.037,97.592,103.142,108.23,88.89,88.89,94.44,94.44,94.44,94.44,100,100,100,100,100,96.3,96.3,96.3,90.74,90.74,89.81,89.81,89.81,89.81,89.81,89.81,89.81,89.81,89.81,89.81,89.81,80.56,80.56
Iran,IRN,20/02/2020,23/02/2020,0.512,1.274,3.465,8.62,17.061,24.728,32.824,41.099,48.933,55.755,60.934,66.363,70.923,74.732,78.447,81.602,84.757,88.305,91.401,95.389,99.425,103.937,110.39,117.427,125.106,134.059,143.869,155.156,166.431,20.37,42.59,48.15,48.15,51.85,57.41,57.41,59.26,59.26,50.93,53.7,53.7,53.7,53.7,50.93,50.93,52.78,52.78,48.15,48.15,48.15,48.15,48.15,45.37,45.37,45.37,45.37,64.35,64.35
Israel,ISR,21/03/2020,26/03/2020,1.964,5.315,9.936,14.211,19.872,22.413,24.84,27.15,28.537,30.616,32.003,32.349,32.811,33.62,34.429,34.66,35.006,35.584,36.739,37.664,39.743,42.17,46.329,51.066,56.149,61.926,67.125,73.826,79.949,81.48,87.96,94.44,94.44,87.96,87.96,84.26,77.78,77.78,77.78,75,75,75,75,75,75,75,75,75,69.44,72.22,68.52,54.63,54.63,52.78,52.78,39.81,39.81,34.26
Tajikistan,TJK,04/05/2020,06/05/2020,2.411,4.299,4.613,4.928,4.928,5.033,5.138,5.347,5.452,5.452,5.452,5.557,5.767,5.871,6.081,6.291,6.291,6.501,6.605,6.71,6.92,7.025,7.13,7.339,7.549,7.654,7.654,NULL,NULL,51.85,51.85,51.85,51.85,65.74,65.74,65.74,64.81,73.15,73.15,70.37,70.37,70.37,62.04,62.04,56.48,56.48,54.63,54.63,47.22,47.22,47.22,38.89,38.89,33.33,33.33,NULL,NULL,NULL
Venezuela,VEN,27/03/2020,05/04/2020,0.176,0.317,0.317,0.317,0.352,0.352,0.352,0.352,0.352,0.352,0.352,0.492,0.703,0.809,0.879,1.055,1.336,1.688,2.18,2.813,3.376,3.939,4.712,5.31,6.119,7.315,9.108,10.445,11.57,82.41,82.41,82.41,82.41,82.41,82.41,82.41,82.41,85.19,85.19,85.19,85.19,81.48,81.48,72.22,72.22,87.04,87.04,87.04,87.04,87.04,87.04,86.11,86.11,86.11,86.11,86.11,86.11,82.41
Iraq,IRQ,06/03/2020,09/03/2020,0.224,0.348,0.721,1.144,1.392,1.715,1.939,2.039,2.138,2.287,2.436,2.66,2.859,3.257,3.978,4.599,6.365,9.199,13.649,21.282,31.102,43.657,56.237,69.091,80.801,91.765,102.48,112.748,121.027,77.78,89.81,96.3,96.3,96.3,96.3,96.3,96.3,85.19,85.19,85.19,85.19,82.41,82.41,82.41,92.59,92.59,92.59,92.59,92.59,92.59,92.59,92.59,92.59,92.59,92.59,92.59,92.59,92.59
Nigeria,NGA,24/03/2020,06/04/2020,0.01,0.029,0.049,0.082,0.136,0.194,0.412,0.519,0.766,0.883,1.072,1.232,1.45,1.659,1.877,2.207,2.513,2.687,2.925,3.173,3.512,3.73,3.905,4.162,4.264,4.497,4.609,4.725,4.812,82.87,82.87,82.87,82.87,85.65,85.65,85.65,80.56,80.56,80.56,80.56,80.56,80.56,80.56,80.56,76.39,76.39,76.39,68.06,68.06,68.06,68.06,68.06,68.06,69.44,69.44,69.44,59.26,59.26
Costa Rica,CRI,19/03/2020,21/04/2020,0.393,0.393,0.393,0.589,0.785,1.178,1.178,1.178,1.178,1.374,1.963,1.963,1.963,1.963,1.963,2.356,2.356,2.356,2.356,3.337,4.515,5.497,8.245,13.349,20.416,29.446,37.494,47.898,57.125,71.3,75,77.78,75.93,75.93,75.93,81.48,72.22,72.22,72.22,72.22,72.22,72.22,72.22,72.22,72.22,72.22,72.22,73.61,73.61,73.61,73.61,73.61,73.61,73.61,62.96,68.52,72.22,72.22
Kazakhstan,KAZ,30/03/2020,06/04/2020,0.373,0.746,0.905,1.172,1.331,1.438,1.651,1.704,1.864,1.864,1.971,2.343,2.982,3.728,5.326,6.764,9.214,10.012,14.06,19.972,19.972,31.156,31.156,43.831,59.063,76.318,79.194,88.567,94.852,89.35,89.35,89.35,89.35,89.35,89.35,89.35,81.94,83.8,83.8,83.8,77.31,77.31,80.09,80.09,80.09,80.09,80.09,79.63,74.07,74.07,74.07,74.07,76.85,76.85,76.85,75.93,75.93,75.93
Chad,TCD,29/04/2020,01/05/2020,1.705,2.557,3.227,3.653,3.957,4.018,4.201,4.383,4.505,4.505,4.505,4.505,4.505,4.566,4.566,4.566,4.566,4.566,4.627,4.627,4.627,4.627,4.688,4.688,4.688,4.809,4.931,4.931,NULL,88.89,87.04,74.07,74.07,74.07,74.07,74.07,74.07,74.07,74.07,67.59,67.59,67.59,67.59,67.59,67.59,70.37,64.81,64.81,64.81,64.81,64.81,64.81,64.81,64.81,64.81,64.81,NULL,NULL
Somalia,SOM,10/04/2020,16/04/2020,0.44,1.007,1.762,2.202,3.02,3.335,3.712,3.838,4.53,4.971,5.285,5.474,5.537,5.663,5.663,5.663,5.789,5.852,5.852,5.852,5.852,5.852,5.852,5.852,5.852,5.852,5.977,6.103,6.103,60.19,60.19,60.19,60.19,60.19,60.19,60.19,60.19,48.15,48.15,48.15,48.15,48.15,45.83,45.83,31.48,31.48,31.48,31.48,31.48,31.48,23.15,23.15,23.15,13.89,13.89,13.89,30.56,30.56
Uzbekistan,UZB,29/03/2020,19/04/2020,0.06,0.12,0.12,0.209,0.239,0.269,0.299,0.299,0.359,0.388,0.418,0.448,0.508,0.568,0.568,0.568,0.598,0.777,1.135,1.703,2.271,2.868,3.496,4.273,5.169,6.035,6.812,7.649,8.635,90.74,90.74,90.74,90.74,96.3,96.3,88.89,88.89,86.11,86.11,86.11,81.94,76.39,76.39,67.13,64.35,64.35,64.35,64.35,64.35,67.59,67.59,69.44,69.44,69.44,69.44,74.07,68.52,68.52
Oman,OMN,01/04/2020,18/04/2020,0.587,0.783,1.567,1.958,2.154,2.35,3.329,3.721,5.875,7.245,8.225,13.12,16.253,20.366,24.478,27.807,33.094,39.752,46.215,53.46,62.272,70.301,80.68,82.442,99.675,107.899,116.907,119.257,127.286,92.59,92.59,92.59,92.59,87.96,87.96,87.96,87.96,86.11,86.11,86.11,86.11,86.11,87.96,87.96,87.96,87.96,87.96,87.96,87.96,87.96,100,94.44,94.44,89.81,89.81,86.11,86.11,86.11
Latvia,LVA,04/04/2020,13/04/2020,2.651,2.651,5.832,6.892,8.483,9.543,10.073,10.073,11.664,12.724,12.724,13.254,14.314,15.905,15.905,15.905,15.905,15.905,15.905,16.435,16.435,16.435,16.965,16.965,16.965,16.965,17.495,17.495,18.026,65.74,65.74,65.74,65.74,65.74,65.74,60.19,57.41,57.41,57.41,57.41,57.41,46.3,46.3,46.3,46.3,46.3,46.3,46.3,46.3,46.3,46.3,43.52,43.52,43.52,43.52,43.52,43.52,43.52
Lithuania,LTU,21/03/2020,28/03/2020,2.571,3.306,5.51,8.816,13.224,14.694,16.53,16.898,18.367,19.836,22.04,23.142,24.979,26.081,26.081,27.55,27.918,28.285,28.652,29.02,29.02,29.02,29.387,29.387,29.387,29.387,29.754,29.754,29.754,81.48,81.48,87.04,81.48,81.48,81.48,77.78,77.78,77.78,75,71.3,71.3,63.89,52.78,52.78,52.78,30.56,30.56,27.78,27.78,27.78,27.78,27.78,27.78,30.56,30.56,19.44,19.44,19.44
Niger,NER,25/03/2020,02/04/2020,0.207,0.454,0.537,0.785,0.991,1.281,1.487,1.818,2.024,2.272,2.52,2.644,2.685,2.685,2.685,2.768,2.768,2.768,2.809,2.809,2.809,2.85,2.85,2.85,2.85,2.85,2.85,2.85,2.85,61.11,61.11,61.11,61.11,61.11,61.11,61.11,61.11,33.33,33.33,33.33,33.33,22.22,22.22,22.22,22.22,22.22,22.22,22.22,22.22,22.22,22.22,22.22,22.22,22.22,22.22,13.89,13.89,13.89
Thailand,THA,01/03/2020,27/03/2020,0.014,0.014,0.014,0.057,0.143,0.33,0.473,0.616,0.673,0.716,0.774,0.774,0.802,0.802,0.802,0.817,0.817,0.831,0.831,0.831,0.831,0.831,0.831,0.831,0.831,0.831,0.831,0.831,0.831,25,33.8,52.31,68.06,68.06,76.85,76.85,76.85,76.85,76.85,76.85,75,75,75,75,75,75,75,62.96,62.96,59.26,59.26,59.26,49.07,49.07,49.07,49.07,49.07,49.07
Albania,ALB,12/03/2020,25/03/2020,0.695,2.085,5.212,7.297,7.992,8.687,9.035,9.382,10.772,10.772,10.772,10.772,10.772,11.12,11.467,11.467,11.815,12.51,14.594,16.332,20.154,25.714,28.841,33.706,38.919,44.478,52.123,59.768,67.065,81.48,84.26,84.26,84.26,84.26,84.26,89.81,89.81,89.81,89.81,89.81,89.81,83.33,86.11,86.11,67.59,67.59,67.59,67.59,64.81,64.81,64.81,59.26,59.26,59.26,59.26,59.26,59.26,53.7
Pakistan,PAK,20/03/2020,23/03/2020,0.059,0.14,0.285,0.435,0.72,1.073,1.48,2.092,2.798,3.486,4.251,5.129,5.962,7.642,9.358,11.549,14.002,16.728,18.643,20.603,22.282,23.84,24.999,25.845,26.551,26.941,27.398,27.747,27.955,96.3,96.3,96.3,96.3,92.59,89.81,89.81,89.81,89.81,89.81,85.19,82.41,82.41,82.41,61.11,61.11,61.11,60.19,60.19,66.67,66.67,66.67,66.67,66.67,66.67,66.67,66.67,47.69,47.69
Cameroon,CMR,25/03/2020,01/04/2020,0.301,0.377,0.452,0.791,1.846,2.223,2.411,4.068,5.123,5.274,5.99,6.668,7.534,7.647,10.284,10.397,11.414,11.791,11.791,13.524,13.524,14.051,14.39,14.503,14.579,14.729,14.993,15.106,15.37,68.52,68.52,68.52,71.3,71.3,71.3,63.89,63.89,63.89,63.89,63.89,63.89,60.19,60.19,60.19,60.19,60.19,60.19,60.19,60.19,60.19,60.19,60.19,60.19,60.19,60.19,60.19,60.19,60.19
Honduras,HND,27/03/2020,31/03/2020,2.221,2.423,3.534,4.644,5.957,7.572,9.39,10.904,13.529,15.245,18.375,20.294,24.534,27.361,31.5,35.236,42.102,48.967,63.506,71.078,81.477,90.867,107.122,127.113,139.733,149.022,155.685,160.834,166.993,100,100,100,100,100,100,100,100,100,100,100,100,100,96.3,96.3,96.3,96.3,96.3,96.3,96.3,96.3,96.3,96.3,96.3,96.3,96.3,96.3,87.96,82.41
China,CHN,11/01/2020,21/01/2020,0.004,0.039,0.148,0.342,0.632,1.059,1.473,1.852,1.995,2.115,2.196,2.234,2.264,2.286,2.299,2.316,2.321,2.325,3.221,3.221,3.222,3.222,3.222,3.222,3.222,3.222,3.222,3.222,3.222,8.33,69.91,69.91,77.31,75.46,75.46,75.46,81.02,81.02,81.02,81.02,79.17,79.17,81.94,73.61,69.91,56.94,56.94,56.94,56.94,56.94,56.94,81.94,81.94,81.94,81.94,81.94,78.24,78.24
Netherlands,NLD,07/03/2020,12/03/2020,1.401,7.937,25.328,60.637,103.065,146.543,182.902,218.91,257.312,279.839,301.607,317.481,329.328,335.456,340.242,347.303,349.579,351.972,353.606,354.89,355.824,356.408,357.517,358.042,358.042,358.1,358.275,358.334,358.334,62.04,70.37,74.07,79.63,79.63,79.63,79.63,79.63,79.63,79.63,79.63,68.52,68.52,68.52,68.52,68.52,62.96,62.96,59.26,59.26,59.26,59.26,39.81,39.81,39.81,39.81,39.81,39.81,39.81
Bosnia and Herzegovina,BIH,22/03/2020,29/03/2020,3.658,7.315,11.278,12.192,14.631,17.069,20.727,23.775,32.614,38.71,41.148,44.196,46.33,48.159,48.464,49.683,51.207,52.426,55.779,57.912,64.923,68.581,76.201,83.516,90.526,105.766,120.702,139.599,150.877,89.81,89.81,92.59,92.59,92.59,90.74,90.74,90.74,81.48,76.85,71.3,71.3,65.74,54.63,54.63,51.85,51.85,51.85,51.85,56.48,56.48,56.48,56.48,59.26,59.26,59.26,59.26,59.26,59.26
Ecuador,ECU,14/03/2020,21/03/2020,1.02,2.721,6.802,12.469,18.874,23.862,30.437,37.579,77.708,93.748,131.893,155.075,173.213,185.625,192.37,204.5,210.848,225.018,239.358,249.73,259.365,273.252,285.155,295.13,304.142,312.587,323.187,331.405,336.223,93.52,93.52,93.52,93.52,93.52,93.52,93.52,93.52,93.52,86.11,86.11,86.11,86.11,86.11,77.78,77.78,77.78,77.78,74.07,74.07,74.07,74.07,74.07,74.07,74.07,72.69,70.83,70.83,70.83
Myanmar,MMR,01/04/2020,18/04/2020,0.055,0.074,0.092,0.092,0.11,0.11,0.11,0.11,0.11,0.11,0.11,0.11,0.11,0.11,0.11,0.11,0.11,0.11,0.11,0.11,0.11,0.11,0.11,0.11,0.11,0.11,0.11,0.11,0.11,79.63,83.33,86.11,86.11,86.11,84.26,84.26,80.56,80.56,80.56,80.56,80.56,80.56,80.56,80.56,80.56,80.56,80.56,80.56,80.56,80.56,76.85,76.85,74.07,74.07,74.07,77.78,77.78,81.48
San Marino,SMR,02/03/2020,13/03/2020,88.396,265.189,589.31,618.775,766.103,942.896,1001.827,1060.758,1149.154,1178.62,1208.085,1208.085,1208.085,1208.085,1208.085,1237.551,1237.551,1237.551,1237.551,1237.551,1237.551,1237.551,1237.551,1237.551,1237.551,1237.551,1237.551,1237.551,1237.551,68.52,79.63,83.33,83.33,83.33,83.33,87.04,87.04,92.59,92.59,92.59,66.67,66.67,66.67,66.67,66.67,66.67,57.41,57.41,33.33,33.33,33.33,33.33,33.33,33.33,33.33,33.33,33.33,33.33
Canada,CAN,10/03/2020,18/03/2020,0.265,0.715,1.616,4.955,11.526,20.667,38.869,56.859,75.751,97.557,121.058,140.533,154.787,168.379,182.21,195.935,206.665,213.263,218.694,223.517,225.636,228.975,230.803,232.711,234.194,235.016,235.837,236.897,237.559,71.3,72.69,72.69,72.69,72.69,72.69,72.69,72.69,72.69,72.69,72.69,70.83,70.83,70.83,70.83,70.83,70.83,70.83,70.83,68.98,68.98,68.98,68.98,67.13,67.13,67.13,67.13,67.13,67.13
Colombia,COL,22/03/2020,27/03/2020,0.314,0.688,1.572,2.575,3.714,4.579,5.758,7.429,9.099,10.731,12.381,14.74,17.491,21.363,26.964,32.762,40.19,48.956,63.342,77.472,92.644,110.548,132.382,156.732,185.799,216.517,246.448,277.991,306.96,87.96,87.96,87.96,84.26,84.26,87.04,90.74,87.04,87.04,87.04,87.04,87.04,87.04,87.04,87.04,87.04,87.04,87.04,87.04,87.04,87.04,87.04,87.04,87.04,87.04,87.04,87.04,87.04,87.04
Sudan,SDN,15/03/2020,15/04/2020,0.023,0.023,0.046,0.046,0.091,0.228,0.296,0.57,0.935,1.346,2.052,2.395,3.33,4.447,7.001,8.187,9.875,11.106,12.155,13.045,13.729,14.185,14.824,15.234,16.101,16.42,17.013,17.401,17.925,65.74,76.85,76.85,76.85,79.63,87.04,87.04,87.04,87.04,87.04,87.04,87.04,87.04,91.67,91.67,91.67,84.26,84.26,84.26,84.26,84.26,74.07,71.3,71.3,71.3,71.3,71.3,69.91,69.91
Croatia,HRV,25/03/2020,29/03/2020,1.949,4.628,6.09,9.5,12.179,15.346,19.244,20.949,22.897,23.141,24.115,24.846,25.09,25.333,26.064,26.064,26.064,26.064,26.795,27.526,28.987,29.231,30.449,33.859,35.32,37.756,38.974,40.436,41.167,96.3,96.3,96.3,96.3,96.3,89.81,89.81,89.81,70.37,70.37,70.37,50.93,50.93,36.11,32.41,32.41,32.41,32.41,32.41,32.41,29.63,26.85,24.07,24.07,24.07,31.48,31.48,31.48,31.48
Sweden,SWE,12/03/2020,12/03/2020,4.258,13.763,33.369,68.817,114.86,163.477,208.134,246.453,285.268,323.093,358.343,385.968,411.416,436.368,454.785,473.896,491.026,507.462,522.315,533.999,542.812,550.337,556.575,562.021,565.882,568.655,570.338,571.625,572.913,28.7,32.41,40.74,46.3,46.3,46.3,46.3,46.3,46.3,46.3,46.3,46.3,46.3,46.3,46.3,46.3,46.3,38.89,38.89,38.89,38.89,38.89,38.89,38.89,38.89,38.89,38.89,37.04,37.04
Japan,JPN,13/02/2020,01/03/2020,0.008,0.024,0.047,0.055,0.166,0.229,0.332,0.411,0.498,0.64,0.806,1.218,2.269,2.973,3.89,4.404,5.282,5.922,6.389,6.784,7.069,7.242,7.29,7.361,7.535,7.677,7.709,7.733,7.764,25,34.26,43.52,40.74,40.74,40.74,40.74,40.74,43.52,45.37,45.37,47.22,47.22,47.22,47.22,47.22,47.22,40.74,40.74,34.26,26.85,26.85,26.85,26.85,24.07,24.07,24.07,24.07,24.07
Kyrgyzstan,KGZ,02/04/2020,10/04/2020,0.766,0.766,1.073,1.226,1.226,1.839,1.839,2.146,2.146,2.452,2.452,3.372,3.985,4.292,5.671,6.591,9.503,14.101,19.159,25.597,165.384,195.733,211.214,220.41,225.928,228.534,229.607,162.012,162.166,92.13,92.13,92.13,92.13,88.43,85.65,81.94,84.72,84.72,79.17,79.17,76.39,76.39,76.39,73.61,73.61,76.39,76.39,76.39,76.39,76.39,76.39,79.17,79.17,79.17,79.17,79.17,73.61,73.61
Belarus,BLR,03/04/2020,05/04/2020,2.752,4.551,6.138,7.937,10.265,12.276,15.028,17.462,20.107,22.647,25.399,27.833,31.008,33.653,36.616,39.474,42.119,45.4,48.575,51.326,53.655,56.512,59.158,61.063,62.333,64.237,66.354,69,71.54,19.44,19.44,13.89,13.89,13.89,13.89,13.89,13.89,13.89,13.89,13.89,13.89,13.89,13.89,13.89,13.89,13.89,11.11,11.11,11.11,11.11,11.11,11.11,11.11,11.11,8.33,8.33,8.33,8.33
Argentina,ARG,08/03/2020,25/03/2020,0.044,0.089,0.376,0.686,1.173,1.969,2.544,3.341,4.115,4.978,6.04,6.748,8.032,9.204,10.709,11.926,13.984,16.263,18.896,21.949,24.87,28.919,32.968,38.698,45.358,52.505,62.993,73.259,85.473,41.67,100,100,100,100,100,100,100,88.89,88.89,88.89,90.74,90.74,90.74,90.74,90.74,88.89,88.89,88.89,88.89,88.89,92.59,92.59,92.59,92.59,90.74,90.74,90.74,88.89
Guinea,GIN,16/04/2020,20/04/2020,0.533,0.533,0.761,0.838,1.142,1.371,1.523,1.751,1.751,1.751,1.904,2.056,2.208,2.361,2.589,2.741,2.817,2.97,3.198,3.503,3.503,3.807,3.807,3.96,4.036,4.493,4.493,4.645,4.797,78.7,78.7,78.7,78.7,78.7,78.7,78.7,78.7,78.7,78.7,54.63,54.63,54.63,54.63,54.63,54.63,60.19,69.44,69.44,69.44,68.06,68.06,68.06,68.06,68.06,68.06,58.8,58.8,58.8
Nicaragua,NIC,28/03/2020,04/05/2020,0.151,0.151,0.151,0.302,0.453,0.604,0.755,0.755,1.208,1.208,5.283,5.283,6.944,8.302,8.302,9.661,11.171,12.529,12.529,13.737,14.944,14.944,16.303,17.511,18.567,18.567,19.322,20.077,20.077,8.33,8.33,16.67,16.67,16.67,16.67,11.11,11.11,11.11,11.11,11.11,11.11,11.11,11.11,11.11,11.11,11.11,11.11,11.11,11.11,16.67,16.67,16.67,16.67,16.67,16.67,16.67,16.67,16.67
Libya,LBY,03/04/2020,29/05/2020,0.146,0.146,0.146,0.291,0.437,0.437,0.437,0.437,0.437,0.582,0.728,0.728,0.728,1.455,1.455,2.62,3.493,4.657,5.53,6.695,7.277,8.441,10.333,13.971,17.464,21.102,24.595,29.543,33.764,88.89,100,100,100,100,100,100,100,100,96.3,96.3,96.3,96.3,96.3,96.3,94.44,94.44,90.74,90.74,90.74,90.74,87.96,87.96,87.96,87.96,87.96,87.96,89.81,89.81
United Arab Emirates,ARE,22/03/2020,31/03/2020,0.607,1.011,1.618,3.337,4.348,7.179,10.616,14.762,20.019,21.233,23.558,25.075,26.49,27.603,28.614,29.22,30.332,31.04,31.748,32.456,33.163,33.871,34.276,34.68,35.085,35.489,35.994,36.197,37.006,84.26,89.81,89.81,89.81,87.04,87.04,81.48,75.93,75.93,74.07,72.22,72.22,72.22,72.22,72.22,72.22,72.22,72.22,72.22,43.52,43.52,43.52,43.52,43.52,32.41,37.96,37.96,37.96,37.96
Finland,FIN,22/03/2020,28/03/2020,3.068,4.873,8.663,12.995,17.687,33.57,38.082,44.399,48.189,52.881,54.867,55.588,57.032,58.115,58.476,58.837,58.837,59.018,59.198,59.198,59.198,59.198,59.198,59.379,59.379,59.379,59.74,60.101,60.281,60.19,60.19,60.19,57.41,57.41,57.41,57.41,57.41,57.41,50.93,50.93,50.93,45.37,41.67,41.67,32.41,32.41,32.41,32.41,32.41,43.52,43.52,37.96,37.96,37.96,37.96,37.96,37.96,37.96
Ireland,IRL,12/03/2020,24/03/2020,0.608,3.848,14.379,31.998,58.123,89.919,139.131,215.278,249.504,271.174,295.273,307.425,318.158,325.246,334.157,336.992,342.46,345.498,347.118,349.549,351.371,352.586,352.991,353.599,355.017,357.042,357.042,357.042,358.865,48.15,75.93,85.19,90.74,90.74,90.74,90.74,90.74,90.74,90.74,90.74,90.74,83.33,83.33,83.33,72.22,72.22,72.22,72.22,72.22,38.89,38.89,38.89,38.89,38.89,38.89,38.89,38.89,59.72
Liberia,LBR,05/04/2020,12/04/2020,1.186,1.582,1.582,3.164,3.559,3.954,3.954,4.548,5.141,5.338,5.536,5.932,6.327,6.525,6.722,6.722,7.316,8.106,10.084,13.84,14.038,14.236,15.224,15.422,16.213,16.213,16.213,16.213,16.213,87.96,87.96,87.96,87.96,87.96,87.96,87.96,87.96,84.26,84.26,87.04,79.63,79.63,79.63,79.63,75.93,75.93,73.15,73.15,67.59,67.59,67.59,67.59,67.59,67.59,67.59,67.59,67.59,62.96
Congo,COG,01/04/2020,05/04/2020,0.906,0.906,1.087,1.45,1.631,1.812,1.812,2.718,2.718,3.081,3.443,3.624,4.349,4.531,4.893,6.705,7.249,7.974,8.517,8.517,8.88,9.242,9.786,10.511,10.511,10.873,13.773,13.954,14.135,97.22,97.22,97.22,97.22,97.22,97.22,97.22,97.22,82.41,82.41,82.41,73.15,73.15,73.15,73.15,73.15,73.15,73.15,73.15,73.15,73.15,62.04,62.04,67.59,67.59,67.59,67.59,62.04,50.93
Jamaica,JAM,25/03/2020,15/04/2020,1.013,1.351,1.351,1.689,2.026,2.364,3.039,3.039,3.039,3.039,3.039,3.039,3.039,3.377,3.377,3.377,3.377,3.377,3.377,3.377,3.377,3.377,3.377,3.377,3.377,4.052,4.728,4.728,5.403,78.7,78.7,78.7,80.56,87.04,87.04,87.04,87.04,87.04,87.04,87.04,87.04,76.85,73.15,73.15,64.81,64.81,64.81,64.81,64.81,64.81,64.81,64.81,64.81,68.52,71.3,71.3,73.15,73.15
Indonesia,IDN,12/03/2020,16/03/2020,0.139,0.285,0.497,0.724,1.119,1.715,2.157,2.632,2.896,3.188,3.557,3.934,4.541,5.085,5.751,6.292,7.03,7.802,8.676,9.407,10.255,11.293,12.493,13.564,15.147,17.055,18.189,19.384,20.686,43.52,48.15,50.93,50.93,71.76,71.76,71.76,80.09,80.09,74.54,74.54,74.54,71.76,71.76,71.76,71.76,68.06,68.06,68.06,59.72,54.17,54.17,54.17,62.5,62.5,62.5,62.5,62.5,62.5
Guyana,GUY,13/03/2020,07/04/2020,1.271,1.271,5.085,6.357,7.628,7.628,8.9,10.171,11.442,12.714,12.714,12.714,12.714,13.985,15.256,15.256,15.256,15.256,15.256,15.256,15.256,19.07,20.342,22.884,24.156,25.427,25.427,27.97,27.97,41.67,57.41,57.41,85.19,87.04,87.04,87.04,87.04,87.04,87.04,87.04,87.04,87.04,87.04,87.04,87.04,83.33,83.33,79.63,79.63,79.63,77.31,77.31,77.31,77.31,77.31,77.31,75.93,75.93
Bolivia,BOL,30/03/2020,31/03/2020,1.542,2.399,2.741,3.684,4.712,6.511,9.081,12.165,14.906,20.56,25.101,32.211,39.835,47.888,58.168,70.247,83.098,108.883,131.071,154.801,175.533,199.434,226.762,262.485,296.838,322.196,346.782,374.025,404.865,96.3,96.3,96.3,96.3,96.3,96.3,96.3,96.3,96.3,96.3,93.52,88.89,88.89,88.89,88.89,90.74,89.81,89.81,89.81,89.81,89.81,89.81,89.81,89.81,89.81,89.81,89.81,89.81,89.81
United Kingdom,GBR,07/03/2020,11/03/2020,0.957,3.712,13.022,36.134,86.513,159.282,220.856,280.603,348.039,393.056,430.369,462.422,491.147,512.536,531.199,550.703,562.178,572.445,579.884,585.923,590.298,594.246,598.253,600.787,602.466,603.88,605.25,606.443,607.018,22.22,62.04,79.63,79.63,79.63,79.63,79.63,79.63,79.63,79.63,79.63,77.78,71.3,71.3,71.3,69.44,67.59,73.15,71.3,71.3,71.3,71.3,69.91,64.35,64.35,64.35,64.35,64.35,68.06
Switzerland,CHE,06/03/2020,14/03/2020,1.502,4.968,11.901,34.086,62.394,87.352,103.991,131.028,151.133,162.572,170.545,176.9,183.486,186.374,189.61,191.343,191.69,191.805,193.654,193.769,194,194.232,194.694,194.694,194.694,194.925,195.618,196.658,197.005,44.44,73.15,73.15,73.15,73.15,73.15,73.15,73.15,73.15,69.44,69.44,69.44,65.74,65.74,65.74,62.96,62.96,48.15,48.15,48.15,37.04,37.04,41.2,41.2,41.2,41.2,41.2,41.2,44.91
Gabon,GAB,21/03/2020,03/05/2020,0.449,0.449,0.449,0.449,0.449,1.348,1.348,2.696,3.594,4.493,5.391,5.391,6.739,8.986,9.435,10.334,14.377,17.522,17.972,19.769,20.667,20.667,20.667,21.117,22.015,22.465,22.914,22.914,23.812,66.67,66.67,76.85,81.48,81.48,81.48,79.63,79.63,79.63,80.56,80.56,80.56,80.56,80.56,80.56,80.56,69.44,69.44,69.44,66.67,66.67,66.67,66.67,66.67,66.67,66.67,66.67,66.67,66.67
Bangladesh,BGD,22/03/2020,26/03/2020,0.03,0.055,0.164,0.304,0.613,0.85,1.02,1.111,1.384,1.809,2.344,3.042,3.704,4.742,5.92,7.11,8.428,9.606,10.826,12.126,13.589,14.719,15.897,17.22,18.429,19.333,20.432,21.598,22.709,87.04,87.04,93.52,93.52,93.52,93.52,89.81,89.81,89.81,89.81,93.52,93.52,62.96,62.96,62.96,62.96,74.54,74.54,74.54,74.54,74.54,74.54,80.09,80.09,80.09,80.09,80.09,80.09,80.09
Andorra,AND,27/03/2020,30/03/2020,232.964,336.504,427.102,465.929,517.699,543.584,595.354,621.239,634.181,660.066,660.066,660.066,660.066,660.066,660.066,673.008,673.008,673.008,673.008,673.008,673.008,673.008,673.008,673.008,673.008,673.008,685.951,685.951,685.951,48.15,56.48,56.48,52.78,52.78,52.78,52.78,50,50,50,50,50,38.89,38.89,38.89,38.89,38.89,38.89,27.78,41.67,41.67,41.67,41.67,41.67,41.67,41.67,41.67,41.67,41.67
Brazil,BRA,18/03/2020,20/03/2020,0.433,1.134,2.602,5.288,9.052,12.895,19.783,29.775,40.158,54.192,73.546,94.312,115.318,137.91,164.782,186.677,206.808,235.115,258.615,280.364,305.171,331.192,354.564,376.93,406.705,429.353,450.787,475.392,501.145,74.54,74.54,74.54,74.54,74.54,74.54,77.31,77.31,81.02,81.02,81.02,81.02,81.02,77.31,77.31,77.31,77.31,77.31,77.31,77.31,81.02,81.02,81.02,81.02,81.02,72.69,72.69,72.69,72.69
Barbados,BRB,06/04/2020,15/04/2020,17.399,17.399,20.879,24.359,24.359,24.359,24.359,24.359,24.359,24.359,24.359,24.359,24.359,24.359,24.359,24.359,24.359,24.359,24.359,24.359,24.359,24.359,24.359,24.359,24.359,24.359,24.359,24.359,24.359,88.89,88.89,88.89,88.89,81.48,81.48,81.48,81.48,81.48,81.48,78.7,75,66.67,66.67,66.67,66.67,57.41,57.41,54.63,54.63,45.37,45.37,48.15,48.15,48.15,48.15,38.89,38.89,38.89
Turkey,TUR,19/03/2020,21/03/2020,1.281,4.221,8.596,14.205,20.975,28.172,34.385,39.555,43.171,46.171,49.088,50.7,52.538,54.103,55.36,56.474,57.411,58.692,60.055,61.063,62.142,63.363,64.502,65.521,66.553,67.478,68.58,69.458,70.608,75.93,75.93,75.93,75.93,77.78,75.93,75.93,75.93,75.93,75.93,75.93,75.93,75.93,63.89,63.89,63.89,63.89,63.89,63.89,63.89,63.89,63.89,63.89,42.59,42.59,42.59,48.15,48.15,48.15
Azerbaijan,AZE,21/03/2020,01/04/2020,0.395,0.493,0.888,1.282,1.874,2.071,2.268,2.564,3.057,3.452,4.044,4.833,5.72,7.496,9.172,11.342,13.709,16.471,19.528,23.177,27.024,30.87,34.421,38.563,42.41,45.566,47.637,49.018,50.103,88.89,88.89,88.89,88.89,91.67,91.67,87.96,87.96,85.19,85.19,77.78,77.78,77.78,85.19,77.78,83.33,77.78,96.3,96.3,96.3,96.3,96.3,96.3,96.3,91.67,91.67,86.11,85.19,85.19
Dominican Republic,DOM,21/03/2020,25/03/2020,3.872,7.098,10.878,16.87,20.834,24.613,27.01,31.896,35.491,38.902,40.653,42.22,44.986,47.567,49.687,53.19,58.537,62.224,66.925,71.442,76.42,83.242,89.51,92.737,101.494,108.592,116.059,126.384,136.524,89.81,89.81,89.81,89.81,93.52,93.52,97.22,97.22,97.22,97.22,84.26,84.26,84.26,78.7,78.7,78.7,78.7,78.7,75,75,75,75,75,78.7,78.7,78.7,78.7,78.7,78.7
Qatar,QAT,29/03/2020,08/04/2020,2.083,2.43,2.43,3.471,3.471,4.165,4.165,4.859,5.206,6.595,10.413,13.884,17.702,23.95,27.768,34.015,37.833,39.916,46.164,50.676,52.758,55.535,57.271,60.394,61.783,65.254,66.642,66.989,67.336,86.11,86.11,86.11,83.33,83.33,83.33,83.33,83.33,83.33,83.33,83.33,83.33,83.33,83.33,80.56,80.56,80.56,80.56,80.56,80.56,80.56,80.56,80.56,77.78,77.78,77.78,77.78,77.78,77.78
Cyprus,CYP,25/03/2020,28/03/2020,10.275,10.275,13.7,13.7,15.984,17.125,17.125,17.125,19.409,19.409,19.409,19.409,19.409,20.55,20.55,20.55,21.692,21.692,21.692,21.692,21.692,21.692,21.692,21.692,21.692,21.692,22.834,22.834,23.975,92.59,92.59,92.59,94.44,94.44,94.44,92.59,92.59,92.59,92.59,76.85,76.85,76.85,71.3,62.96,62.96,62.96,50,50,50,47.22,47.22,47.22,47.22,47.22,47.22,47.22,47.22,50
Italy,ITA,23/02/2020,25/02/2020,1.323,6.053,20.972,49.254,100.51,165.774,230.178,283.303,329.15,376.221,414.89,446.182,474.845,495.486,511.248,527.738,539.448,546.99,553.655,559.791,565.1,569.037,572.824,574.048,575.371,576.711,577.968,579.159,580.085,74.54,74.54,85.19,85.19,91.67,91.67,91.67,91.67,93.52,93.52,93.52,93.52,93.52,62.96,62.96,63.89,63.89,63.89,52.78,44.44,50,55.56,55.56,55.56,55.56,55.56,58.33,58.33,58.33
Ethiopia,ETH,06/04/2020,10/05/2020,0.026,0.026,0.026,0.026,0.035,0.043,0.043,0.043,0.043,0.07,0.157,0.278,0.496,0.626,0.678,0.896,0.896,1.044,1.209,1.453,1.714,2.201,2.923,3.392,4.167,4.975,5.898,6.593,7.359,80.56,80.56,80.56,80.56,80.56,80.56,80.56,80.56,80.56,80.56,80.56,80.56,80.56,80.56,80.56,80.56,80.56,80.56,80.56,80.56,80.56,80.56,80.56,80.56,80.56,80.56,80.56,80.56,80.56
South Korea,KOR,21/02/2020,23/02/2020,0.429,0.858,1.287,1.58,2.029,2.711,3.179,3.628,4.057,4.467,4.623,4.72,4.837,4.974,4.993,5.11,5.149,5.247,5.266,5.325,5.383,5.403,5.461,5.5,5.5,5.52,5.617,5.637,5.773,55.56,55.56,55.56,55.56,75.93,75.93,75.93,82.41,82.41,82.41,43.52,43.52,43.52,43.52,43.52,43.52,39.81,39.81,56.94,56.94,56.94,56.94,56.94,56.94,56.94,54.17,54.17,48.61,48.61
Bahrain,BHR,17/03/2020,08/04/2020,2.351,2.351,2.351,3.526,4.114,4.114,4.702,4.702,4.702,4.702,7.052,7.052,8.228,9.991,12.341,17.043,25.271,33.498,40.55,49.366,57.006,60.532,65.233,74.049,79.926,84.627,88.153,94.618,98.144,73.15,78.7,78.7,75,75,75,75,75,75,75,75,75,75,75,75,75,75,75,75,75,75,69.44,69.44,69.44,69.44,69.44,69.44,69.44,69.44
Morocco,MAR,12/03/2020,25/03/2020,0.081,0.271,0.975,1.896,2.899,3.441,3.874,4.308,4.606,4.904,5.093,5.148,5.256,5.419,5.527,5.635,5.689,5.744,5.771,5.852,6.096,6.285,6.556,6.963,7.396,8.101,9.049,10.864,13.004,90.74,93.52,93.52,93.52,93.52,93.52,93.52,93.52,93.52,93.52,93.52,93.52,93.52,93.52,93.52,93.52,93.52,76.85,76.85,64.81,64.81,64.81,64.81,64.81,64.81,64.81,64.81,64.81,70.37
Jordan,JOR,29/03/2020,31/03/2020,0.588,0.686,0.686,0.686,0.686,0.882,0.882,0.882,0.882,0.882,0.882,0.882,0.882,0.882,0.882,0.882,0.882,0.882,0.98,0.98,0.98,1.078,1.078,1.078,1.078,1.078,1.078,1.078,1.372,100,100,100,96.3,89.81,89.81,87.04,77.78,77.78,77.78,77.78,77.78,48.15,48.15,48.15,48.15,48.15,48.15,48.15,48.15,48.15,48.15,48.15,48.15,48.15,56.48,56.48,56.48,56.48
Romania,ROU,23/03/2020,24/03/2020,4.418,8.161,14.659,20.117,25.107,31.605,38.674,44.6,50.526,56.192,59.83,62.897,65.6,67.992,70.695,74.177,77.972,81.351,85.821,90.967,96.009,101.468,105.938,112.54,119.765,128.914,140.35,150.954,161.454,87.04,87.04,87.04,87.04,87.04,87.04,87.04,87.04,78.7,75,75,75,57.41,57.41,57.41,50.93,41.67,41.67,41.67,41.67,42.59,42.59,42.59,42.59,42.59,42.59,42.59,42.59,42.59
Burkina Faso,BFA,19/03/2020,29/03/2020,0.431,0.765,0.909,1.292,1.674,1.866,2.009,2.105,2.296,2.44,2.44,2.488,2.535,2.535,2.535,2.535,2.535,2.535,2.535,2.535,2.535,2.535,2.535,2.535,2.535,2.535,2.583,2.583,2.583,84.26,84.26,84.26,84.26,84.26,84.26,84.26,84.26,67.59,67.59,60.19,60.19,60.19,45.37,45.37,45.37,45.37,45.37,45.37,45.37,45.37,45.37,45.37,45.37,45.37,56.48,56.48,48.15,48.15
Paraguay,PRY,21/03/2020,06/04/2020,0.421,0.421,0.841,1.122,1.122,1.262,1.262,1.402,1.402,1.542,1.542,1.542,1.542,1.542,1.542,1.542,1.823,1.823,2.103,2.664,2.804,3.505,4.066,5.047,6.309,7.291,9.674,13.039,20.329,93.52,93.52,94.44,94.44,94.44,94.44,94.44,94.44,94.44,94.44,94.44,81.48,81.48,81.48,81.48,83.33,83.33,83.33,81.48,81.48,75.93,75.93,75.93,78.7,78.7,78.7,78.7,78.7,78.7
United States,USA,01/03/2020,03/03/2020,0.085,0.208,0.785,3.172,9.577,25.683,50.423,78.721,122.905,154.129,184.186,208.258,238.046,259.533,277.705,295.224,310.68,323.789,335.366,348.746,357.804,366.245,380.069,391.036,399.722,409.68,423.317,435.773,450.921,21.76,52.31,72.69,72.69,72.69,72.69,72.69,72.69,72.69,72.69,72.69,72.69,72.69,72.69,72.69,72.69,72.69,72.69,72.69,72.69,68.98,68.98,68.98,68.98,68.98,68.98,68.98,67.13,67.13
Lebanon,LBN,11/03/2020,27/03/2020,0.586,0.586,1.612,2.491,2.784,3.077,3.077,3.223,3.516,3.663,3.809,3.809,3.809,3.809,3.809,3.956,4.395,4.688,4.688,4.688,4.981,5.128,5.274,5.274,5.86,6.3,7.912,9.084,10.256,85.19,85.19,85.19,85.19,85.19,85.19,85.19,85.19,81.48,77.78,77.78,85.19,77.78,77.78,74.07,74.07,74.07,74.07,74.07,74.07,74.07,68.52,68.52,68.52,68.52,41.67,41.67,61.11,61.11
Australia,AUS,01/03/2020,16/03/2020,0.118,0.196,0.275,0.431,0.745,1.333,2.039,2.392,2.745,3.098,3.529,3.726,3.804,3.843,3.882,4,4,4,4,4,4,4,4.078,4.078,4.157,4.235,4.627,5.216,6.549,19.44,30.56,47.22,68.52,71.3,73.15,73.15,73.15,69.44,69.44,69.44,69.44,69.44,65.74,67.13,65.28,63.43,62.04,56.48,46.76,46.76,52.31,52.31,68.98,75.46,71.76,68.06,68.06,68.06
Peru,PER,20/03/2020,22/03/2020,0.546,1.85,3.67,5.853,10.554,17.348,25.901,39.003,51.984,65.783,84.587,102.299,124.318,140.544,165.747,191.315,220.097,243.996,277.055,304.654,332.162,360.004,388.18,417.538,558.598,588.623,619.438,652.102,797.074,94.44,94.44,94.44,94.44,94.44,94.44,94.44,96.3,96.3,92.59,92.59,92.59,89.81,89.81,89.81,89.81,89.81,89.81,89.81,78.7,78.7,75.93,75.93,75.93,81.48,81.48,81.48,85.19,85.19
Hungary,HUN,16/03/2020,23/03/2020,1.035,1.656,3.52,7.971,13.871,20.6,27.121,32.297,37.576,42.752,45.754,48.652,50.826,53.518,55.278,56.727,57.865,58.797,59.315,60.143,60.867,60.971,61.592,61.695,61.695,61.695,61.799,62.317,62.627,67.59,76.85,76.85,76.85,76.85,76.85,76.85,76.85,62.96,62.96,62.96,62.96,62.96,62.96,62.96,62.96,62.96,52.78,52.78,52.78,52.78,52.78,52.78,52.78,52.78,52.78,52.78,52.78,49.07
Malaysia,MYS,18/03/2020,23/03/2020,0.803,1.39,1.916,2.255,2.595,2.842,3.028,3.182,3.306,3.368,3.491,3.522,3.553,3.553,3.584,3.646,3.738,3.738,3.738,3.738,3.738,3.738,3.769,3.8,3.8,3.831,3.862,3.862,3.862,73.15,73.15,73.15,73.15,73.15,73.15,73.15,73.15,69.44,69.44,69.44,69.44,75,75,75,57.41,57.41,54.63,50.93,50.93,50.93,50.93,50.93,50.93,43.52,43.52,57.41,57.41,57.41
Estonia,EST,26/03/2020,02/04/2020,9.8,18.092,23.369,30.154,34.677,37.692,41.461,45.23,46.738,47.492,47.492,47.492,47.492,47.492,47.492,47.492,47.492,47.492,47.492,47.492,47.492,47.492,47.492,47.492,47.492,47.492,47.492,47.492,47.492,77.78,77.78,77.78,77.78,77.78,75,75,66.67,55.56,50,50,50,37.96,37.96,37.96,37.96,37.96,25,22.22,22.22,22.22,22.22,22.22,19.44,19.44,19.44,19.44,19.44,19.44
Tunisia,TUN,21/03/2020,26/03/2020,0.677,1.523,2.115,2.877,3.215,3.215,3.384,3.638,3.808,3.808,3.977,4.061,4.061,4.146,4.146,4.146,4.231,4.231,4.231,4.231,4.231,4.231,4.231,4.231,4.231,4.315,4.315,4.4,4.738,90.74,90.74,90.74,90.74,90.74,90.74,90.74,87.04,87.04,83.33,83.33,83.33,79.63,68.52,29.63,29.63,29.63,29.63,26.85,26.85,26.85,26.85,26.85,26.85,26.85,26.85,24.07,24.07,24.07
Slovenia,SVN,18/03/2020,27/03/2020,4.329,7.215,14.43,24.051,29.342,37.038,39.443,44.735,47.621,49.064,49.545,50.988,50.988,51.95,51.95,52.431,52.431,52.431,53.393,53.393,53.393,53.393,53.393,53.393,55.317,56.279,56.76,57.722,59.646,78.7,89.81,89.81,89.81,89.81,86.11,86.11,75,75,63.89,53.24,42.13,42.13,42.13,33.33,33.33,33.33,33.33,33.33,33.33,33.33,33.33,33.33,43.52,43.52,43.52,43.52,43.52,43.52
Mauritius,MUS,22/03/2020,02/04/2020,2.359,5.504,7.077,7.077,7.077,7.077,7.863,7.863,7.863,7.863,7.863,7.863,7.863,7.863,7.863,7.863,7.863,7.863,7.863,7.863,7.863,7.863,7.863,7.863,7.863,7.863,7.863,7.863,7.863,82.41,82.41,82.41,82.41,82.41,82.41,82.41,82.41,82.41,78.7,78.7,78.7,65.74,65.74,65.74,33.33,33.33,33.33,33.33,22.22,16.67,16.67,16.67,16.67,16.67,16.67,16.67,16.67,16.67
Kenya,KEN,27/03/2020,08/04/2020,0.074,0.13,0.186,0.26,0.26,0.316,0.446,0.595,0.837,0.93,0.967,1.172,1.451,1.637,1.916,2.213,2.418,2.678,2.957,3.217,3.757,4.352,5.096,5.784,7.104,7.774,8.555,9.057,10.191,88.89,88.89,88.89,88.89,88.89,88.89,88.89,88.89,88.89,88.89,88.89,88.89,88.89,88.89,88.89,88.89,84.26,84.26,84.26,81.48,81.48,81.48,78.7,78.7,73.15,73.15,70.37,70.37,70.37
Guatemala,GTM,16/03/2020,13/04/2020,0.056,0.056,0.112,0.167,0.279,0.391,0.614,0.893,1.061,1.34,1.619,2.4,3.237,5.024,7.982,14.903,20.485,25.062,32.486,40.579,49.119,58.776,69.437,80.879,91.094,98.294,111.356,121.012,126.538,93.52,93.52,93.52,93.52,93.52,96.3,96.3,96.3,96.3,96.3,96.3,96.3,96.3,96.3,96.3,96.3,96.3,96.3,96.3,96.3,96.3,96.3,96.3,96.3,96.3,87.04,87.04,87.04,87.04
Taiwan,TWN,17/02/2020,30/03/2020,0.042,0.042,0.042,0.042,0.042,0.084,0.084,0.21,0.21,0.252,0.252,0.252,0.252,0.252,0.252,0.294,0.294,0.294,0.294,0.294,0.294,0.294,0.294,0.294,0.294,0.294,0.294,0.294,0.294,19.44,19.44,25,25,25,27.78,27.78,27.78,27.78,27.78,27.78,27.78,27.78,27.78,27.78,22.22,22.22,22.22,22.22,22.22,22.22,22.22,22.22,22.22,19.44,19.44,19.44,19.44,19.44
Mali,MLI,01/04/2020,06/04/2020,0.346,0.642,0.691,1.037,1.284,1.58,1.876,2.272,2.716,3.309,3.753,4.197,4.642,5.136,5.333,5.531,5.679,5.827,5.926,5.975,5.975,6.074,6.123,6.123,6.173,6.173,6.173,6.173,6.222,72.22,72.22,72.22,72.22,69.44,69.44,56.48,56.48,56.48,56.48,56.48,52.78,52.78,52.78,52.78,52.78,52.78,52.78,52.78,52.78,52.78,52.78,52.78,47.22,47.22,47.22,47.22,47.22,47.22
Haiti,HTI,07/04/2020,24/04/2020,0.263,0.351,0.526,0.702,1.052,1.403,1.754,2.192,2.894,3.859,4.385,5.087,6.665,7.718,8.419,9.208,9.91,11.839,12.716,12.804,13.681,14.12,14.997,16.049,17.189,17.189,17.189,17.628,18.417,90.74,89.81,89.81,89.81,89.81,89.81,89.81,89.81,89.81,89.81,80.56,80.56,80.56,80.56,77.78,72.22,72.22,72.22,69.44,28.7,28.7,28.7,28.7,25,25,17.59,17.59,17.59,17.59
Bermuda,BMU,07/04/2020,15/04/2020,80.292,80.292,80.292,96.35,112.408,128.467,144.525,144.525,144.525,144.525,144.525,144.525,144.525,144.525,144.525,144.525,144.525,144.525,144.525,144.525,144.525,144.525,144.525,144.525,144.525,144.525,144.525,144.525,144.525,96.3,96.3,96.3,75.93,72.22,72.22,72.22,72.22,72.22,72.22,72.22,62.04,62.04,62.04,62.04,48.15,48.15,48.15,48.15,48.15,48.15,48.15,48.15,48.15,48.15,48.15,44.44,44.44,44.44
Trinidad and Tobago,TTO,26/03/2020,02/04/2020,4.287,5.716,5.716,5.716,5.716,5.716,5.716,5.716,5.716,5.716,5.716,5.716,5.716,5.716,5.716,5.716,5.716,5.716,5.716,5.716,5.716,5.716,5.716,5.716,5.716,5.716,5.716,7.86,9.289,79.63,79.63,79.63,79.63,79.63,90.74,90.74,90.74,90.74,90.74,87.04,87.04,87.04,77.78,77.78,77.78,60.19,60.19,60.19,60.19,60.19,60.19,60.19,60.19,60.19,60.19,60.19,80.56,80.56
Afghanistan,AFG,24/03/2020,05/04/2020,0.103,0.283,0.462,0.771,1.028,1.464,1.85,2.723,3.262,4.341,5.266,5.831,6.807,8.4,10.943,12.613,14.925,17.545,19.883,23.633,25.945,28.642,30.569,32.598,32.958,33.343,33.703,35.193,35.578,67.59,78.7,84.26,84.26,84.26,84.26,84.26,84.26,84.26,84.26,84.26,84.26,84.26,84.26,78.7,78.7,78.7,78.7,78.7,78.7,78.7,78.7,78.7,78.7,78.7,71.3,71.3,60.19,48.15
